bidder_id,company_type,udyam_valid,udyam_expired,gst_registered,gst_status_active,gst_returns_filed_pct,pan_valid,itr_filed_last_year,income_tax_defaulter,epfo_applicable,epfo_compliant,esic_applicable,esic_compliant,make_in_india_local_content_pct,make_in_india_required_threshold,startup_india_claimed,startup_india_verified,nsic_claimed,nsic_verified,oem_authorization_required,oem_authorization_provided,blacklisted_flag,debarment_active,documents_missing_count,name_mismatch_across_docs,document_authenticity_score,turnover_consistency_ratio,years_since_registration,past_disputes_count,compliance_score,risk_level
BID00001,MSME,1,0,1,1,87.7,1,1,0,0,1,1,1,44.1,50,0,0,1,1,0,1,0,0,0,0,89.7,0.87,20,0,94.9,Low
BID00002,OEM,1,0,1,1,100.0,1,1,0,1,0,1,1,17.6,30,0,0,0,0,0,1,0,0,1,1,91.2,0.64,3,0,75.5,Medium
BID00003,Large Enterprise,1,0,1,1,93.8,1,1,0,1,1,1,1,55.2,50,0,0,0,0,0,1,0,0,1,0,72.4,1.28,12,0,90.9,Low
BID00004,Large Enterprise,1,0,1,1,78.8,1,1,0,0,1,0,1,54.8,30,0,0,0,0,0,1,0,0,0,0,100.0,0.84,4,0,95.1,Low
BID00005,MSME,1,0,1,1,88.9,1,1,0,1,1,0,1,27.0,50,0,0,0,0,0,1,1,0,4,1,84.5,1.64,11,0,46.7,High
BID00006,MSME,1,0,1,1,81.4,1,1,0,0,1,0,1,18.7,20,0,0,0,0,1,1,0,0,1,0,73.1,1.22,16,0,87.0,Medium
BID00007,MSME,1,0,1,0,85.1,1,1,0,0,1,0,1,52.8,30,0,0,0,0,0,1,0,0,0,0,85.0,0.48,9,0,81.6,Medium
BID00008,NSIC Registered,1,0,1,1,80.1,1,1,1,1,1,1,1,49.2,20,0,0,0,0,0,1,0,0,0,0,73.3,1.31,11,0,83.4,Medium
BID00009,Large Enterprise,1,1,1,1,82.5,1,1,0,1,0,0,1,44.6,50,0,0,0,0,1,1,0,0,1,0,78.0,0.82,5,0,86.9,Medium
BID00010,Large Enterprise,0,1,0,0,88.2,1,1,0,0,1,1,0,52.9,30,0,0,0,0,0,1,0,0,1,0,77.8,0.77,19,1,65.2,High
BID00011,MSME,1,0,1,1,70.1,1,1,0,0,1,0,1,27.4,50,0,0,0,0,0,1,0,1,0,0,83.4,0.93,19,0,60.3,High
BID00012,OEM,1,0,1,1,69.8,1,1,0,1,0,1,1,44.1,30,1,0,0,0,1,1,0,0,1,1,100.0,1.28,11,0,72.1,Medium
BID00013,NSIC Registered,1,0,1,1,64.2,1,1,0,1,0,1,1,68.3,50,0,0,0,0,0,1,0,0,2,0,86.3,1.13,12,1,80.9,Medium
BID00014,MSME,1,0,1,1,61.0,1,1,0,0,1,1,1,46.3,20,0,0,0,0,1,1,0,0,2,0,87.0,1.05,20,0,89.5,Low
BID00015,MSME,1,0,1,1,66.7,1,1,0,1,1,1,1,13.2,20,0,0,1,1,0,1,0,0,2,0,79.3,0.79,16,0,82.0,Medium
BID00016,MSME,1,1,1,1,87.4,1,0,0,1,1,1,1,43.2,50,0,0,0,0,0,1,0,0,0,0,88.4,1.24,19,0,87.3,Low
BID00017,MSME,1,0,1,1,71.6,1,1,0,1,1,1,1,28.2,20,0,0,0,0,1,1,0,1,1,0,84.6,0.75,9,0,63.8,High
BID00018,Startup,1,0,1,1,92.7,1,1,0,0,1,0,1,61.7,20,0,0,0,0,1,1,0,0,1,0,84.0,1.26,18,1,88.8,Low
BID00019,Startup,1,0,1,1,85.5,1,1,0,0,1,0,1,63.0,50,0,0,0,0,0,1,0,0,1,1,93.5,1.08,4,0,85.7,Medium
BID00020,MSME,1,0,1,1,55.5,1,1,0,0,1,1,1,13.5,30,1,1,0,0,0,1,0,0,0,0,73.7,0.85,4,0,87.8,Low
BID00021,Large Enterprise,0,1,1,1,94.8,1,1,1,0,1,1,0,74.0,50,0,0,1,1,0,1,0,0,1,0,100.0,1.53,7,0,69.6,High
BID00022,MSME,1,0,1,1,97.2,1,1,0,0,1,0,1,27.2,30,0,0,0,0,0,1,0,0,4,0,52.7,1.23,16,2,69.2,High
BID00023,MSME,1,0,1,1,70.1,1,1,0,1,1,1,1,94.0,20,0,0,0,0,0,1,0,0,0,1,83.9,1.14,2,0,84.5,Medium
BID00024,MSME,0,1,1,1,91.3,0,1,0,0,1,0,1,53.8,20,0,0,0,0,1,0,0,0,2,0,100.0,1.03,20,1,68.0,High
BID00025,Startup,1,0,1,1,72.2,1,1,0,1,1,1,1,23.8,20,0,0,0,0,0,1,0,0,0,0,99.5,0.71,15,0,92.3,Low
BID00026,Large Enterprise,1,1,1,1,86.5,1,1,0,0,1,0,1,26.5,20,1,1,0,0,0,1,0,0,1,0,86.9,1.01,18,1,90.7,Low
BID00027,MSME,1,0,1,1,66.0,1,1,0,1,1,0,1,63.7,20,0,0,0,0,0,1,0,0,0,0,75.3,1.4,5,0,86.9,Medium
BID00028,Startup,1,1,1,0,58.1,1,1,0,1,1,0,1,45.2,30,1,0,0,0,1,1,0,0,1,0,83.4,0.66,9,0,72.1,Medium
BID00029,Large Enterprise,0,1,1,1,79.3,1,1,0,0,1,0,1,52.6,30,0,0,0,0,1,1,0,0,0,0,100.0,1.14,15,1,86.5,Medium
BID00030,MSME,1,0,1,1,83.1,1,1,0,0,1,1,0,95.3,30,1,1,0,0,0,1,0,0,2,0,93.5,1.35,12,0,85.2,Medium
BID00031,Large Enterprise,0,1,1,1,79.0,1,1,0,1,1,1,1,37.5,50,0,0,0,0,1,1,0,0,1,0,64.6,1.36,2,1,71.7,Medium
BID00032,MSME,1,0,1,1,67.2,1,1,0,0,1,0,1,56.5,20,0,0,0,0,0,1,0,1,1,0,86.0,0.77,21,0,63.9,High
BID00033,MSME,1,1,1,1,79.0,1,1,0,1,1,0,1,90.5,20,0,0,0,0,0,1,0,0,0,0,77.8,0.86,7,0,87.6,Low
BID00034,OEM,1,0,1,1,89.0,1,1,0,1,1,1,1,61.8,20,0,0,0,0,1,1,0,0,3,0,69.8,1.03,19,0,88.9,Low
BID00035,OEM,1,1,1,0,84.3,1,0,0,0,1,0,1,14.8,50,1,0,0,0,0,1,0,0,1,0,90.8,1.11,7,0,70.8,Medium
BID00036,NSIC Registered,1,0,1,0,87.7,1,1,0,1,1,1,1,67.6,50,0,0,0,0,0,1,0,0,3,0,73.4,1.32,6,0,79.9,Medium
BID00037,MSME,0,1,1,1,74.9,1,1,0,0,1,1,1,25.9,50,1,1,0,0,1,1,0,0,2,0,100.0,0.95,10,1,76.5,Medium
BID00038,MSME,1,0,1,1,100.0,1,1,0,1,1,0,1,90.2,20,0,0,0,0,0,1,0,0,3,0,100.0,1.24,19,0,89.5,Low
BID00039,Large Enterprise,0,1,1,0,67.4,1,1,0,0,1,1,1,34.4,30,0,0,0,0,1,0,0,0,0,0,76.2,0.36,2,0,66.9,High
BID00040,Startup,1,0,1,1,92.3,1,1,0,0,1,0,1,100.0,50,0,0,0,0,1,1,0,0,2,0,75.5,0.93,20,0,93.3,Low
BID00041,MSME,0,1,1,1,100.0,1,1,0,1,1,1,1,91.7,50,1,1,1,1,1,1,0,0,1,1,93.1,1.24,20,0,81.4,Medium
BID00042,Startup,1,0,1,1,92.2,1,1,0,1,1,1,0,35.1,30,0,0,0,0,0,1,0,0,4,0,97.2,1.21,6,1,82.6,Medium
BID00043,MSME,1,0,1,1,82.0,1,1,0,0,1,0,1,55.5,50,1,1,0,0,0,1,0,0,1,0,82.0,0.76,10,0,91.7,Low
BID00044,OEM,1,0,1,1,77.1,1,0,0,0,1,0,1,73.8,30,0,0,0,0,0,1,0,0,0,0,96.7,1.26,16,0,93.0,Low
BID00045,MSME,1,0,1,1,100.0,1,1,0,1,1,1,0,74.6,20,0,0,0,0,1,1,0,0,0,0,100.0,0.64,24,0,93.6,Low
BID00046,Large Enterprise,1,0,1,1,63.7,1,1,0,1,1,1,1,66.1,30,0,0,0,0,0,1,0,0,1,0,89.0,1.3,17,0,86.1,Medium
BID00047,MSME,1,0,1,1,70.4,1,1,0,1,1,1,1,86.3,30,0,0,0,0,0,1,0,0,3,1,72.7,0.95,24,0,80.5,Medium
BID00048,Startup,1,0,1,1,79.0,1,1,0,1,1,1,0,51.9,20,0,0,1,1,0,1,0,0,5,0,94.4,0.89,8,0,78.5,Medium
BID00049,Startup,0,1,1,1,100.0,1,1,0,1,1,0,1,45.8,50,0,0,0,0,1,1,0,0,2,1,86.7,0.93,12,0,78.4,Medium
BID00050,MSME,1,0,0,0,90.7,1,1,0,1,1,0,1,46.3,20,1,0,0,0,1,0,0,0,1,0,81.1,1.09,14,0,78.4,Medium
BID00051,OEM,1,0,1,1,70.5,1,1,0,0,1,1,0,76.5,50,0,0,0,0,0,1,0,0,2,0,94.0,1.52,18,0,81.2,Medium
BID00052,Large Enterprise,1,1,1,1,80.3,1,1,1,0,1,1,0,64.1,50,0,0,0,0,1,1,0,0,3,0,99.5,1.3,14,0,68.6,High
BID00053,OEM,1,0,1,0,75.8,1,1,1,0,1,0,1,62.3,30,0,0,0,0,1,1,0,0,4,0,87.2,0.71,6,0,64.4,High
BID00054,NSIC Registered,1,0,1,1,74.4,1,1,0,0,1,0,1,74.9,20,0,0,1,1,0,1,0,0,2,0,57.7,0.74,2,0,81.4,Medium
BID00055,Large Enterprise,1,0,1,1,99.7,1,0,0,0,1,0,1,3.7,30,0,0,0,0,0,1,0,0,1,0,86.4,0.52,23,1,79.1,Medium
BID00056,OEM,1,0,1,1,64.4,1,1,0,1,1,0,1,62.8,20,0,0,0,0,0,1,0,0,0,0,87.7,1.08,7,0,93.4,Low
BID00057,MSME,1,0,1,1,100.0,1,0,0,0,1,1,1,60.5,20,0,0,0,0,1,1,0,0,1,0,100.0,0.96,12,0,94.1,Low
BID00058,MSME,1,0,1,1,97.4,1,1,0,0,1,1,1,96.7,30,1,1,0,0,0,1,0,0,3,0,86.6,1.16,15,0,85.3,Medium
BID00059,MSME,1,0,1,0,100.0,1,1,1,0,1,0,1,16.8,50,0,0,0,0,0,1,0,0,4,1,82.9,0.87,2,1,54.7,High
BID00060,MSME,1,0,1,1,78.1,1,1,0,1,0,0,1,93.9,50,0,0,0,0,0,1,0,0,1,0,93.3,0.9,20,0,87.6,Low
BID00061,MSME,1,1,1,1,82.8,1,1,0,0,1,1,0,56.9,20,0,0,0,0,1,0,0,0,2,0,81.4,0.64,22,0,76.3,Medium
BID00062,MSME,1,0,1,1,63.5,1,1,0,0,1,1,0,67.2,50,0,0,0,0,0,1,0,0,0,0,76.8,1.28,0,0,86.5,Medium
BID00063,NSIC Registered,1,0,1,1,77.1,1,1,0,0,1,1,0,96.9,30,0,0,0,0,0,1,0,0,0,0,65.9,0.85,2,0,92.1,Low
BID00064,MSME,1,0,1,1,92.4,1,1,0,1,1,0,1,69.0,30,0,0,1,1,0,1,0,0,1,0,77.9,0.79,15,0,91.1,Low
BID00065,MSME,1,0,1,1,100.0,1,1,0,0,1,1,1,65.0,30,0,0,0,0,0,1,0,0,2,0,62.1,1.24,0,0,82.4,Medium
BID00066,Startup,1,0,1,1,68.4,1,1,0,0,1,1,1,61.1,20,0,0,0,0,1,1,0,0,1,0,88.4,0.63,17,1,87.4,Low
BID00067,MSME,1,0,1,1,79.5,1,1,0,1,1,0,1,42.9,20,0,0,0,0,1,1,0,0,2,1,87.6,1.14,13,0,82.7,Medium
BID00068,NSIC Registered,1,0,1,1,82.7,1,1,0,0,1,1,1,54.3,50,0,0,0,0,1,1,0,0,0,0,93.4,0.81,6,0,93.3,Low
BID00069,MSME,1,0,1,1,64.1,1,1,0,1,0,1,1,37.1,30,0,0,1,0,0,1,0,0,0,0,72.6,0.97,22,1,79.5,Medium
BID00070,OEM,1,0,1,1,93.9,1,1,0,0,1,1,0,53.9,30,0,0,0,0,0,1,0,0,3,0,67.7,0.52,2,0,75.6,Medium
BID00071,Large Enterprise,1,0,1,1,74.1,1,0,0,0,1,1,1,0.0,20,0,0,0,0,0,1,0,0,2,0,100.0,1.14,21,0,82.1,Medium
BID00072,MSME,0,1,1,1,82.1,1,1,0,1,0,1,1,65.7,20,0,0,0,0,1,0,0,0,1,0,84.1,1.51,15,0,66.8,High
BID00073,MSME,1,1,1,1,78.2,1,1,0,1,1,0,1,52.0,20,1,1,0,0,0,1,0,0,2,0,93.4,0.68,5,0,90.6,Low
BID00074,NSIC Registered,1,0,1,1,73.2,1,1,0,0,1,0,1,46.6,30,0,0,0,0,1,1,0,0,0,0,86.6,1.29,17,0,92.6,Low
BID00075,Large Enterprise,1,0,1,0,84.9,1,1,0,1,1,1,1,60.5,30,0,0,0,0,0,1,0,0,4,0,93.9,0.99,24,0,83.6,Medium
BID00076,Large Enterprise,1,0,1,1,81.8,0,1,0,1,1,1,1,19.2,50,0,0,0,0,1,1,0,0,2,0,87.7,1.13,12,1,75.4,Medium
BID00077,Large Enterprise,1,0,1,1,79.4,1,1,0,0,1,0,1,100.0,30,0,0,0,0,0,1,0,0,0,0,75.4,0.7,23,0,90.7,Low
BID00078,MSME,0,1,1,1,74.1,1,1,1,1,1,1,1,52.4,50,0,0,0,0,0,1,0,0,2,0,91.5,0.74,1,0,71.0,Medium
BID00079,MSME,1,0,1,1,89.8,0,1,0,1,1,1,1,51.4,50,0,0,1,1,0,1,0,0,3,1,88.6,1.02,11,0,77.3,Medium
BID00080,MSME,1,0,1,1,100.0,1,1,0,0,1,0,1,30.9,30,0,0,0,0,0,1,0,0,1,0,64.8,0.95,3,0,89.1,Low
BID00081,NSIC Registered,1,0,1,1,87.1,1,1,0,1,1,1,0,55.6,50,0,0,0,0,1,1,0,0,3,0,88.5,1.04,8,0,82.5,Medium
BID00082,Large Enterprise,1,0,1,1,99.9,1,1,0,1,1,1,1,89.7,50,0,0,0,0,0,1,0,0,2,0,80.4,0.63,19,0,92.2,Low
BID00083,MSME,1,1,1,1,64.1,1,1,0,0,1,1,0,80.9,20,0,0,0,0,0,1,0,0,0,0,77.0,1.15,22,0,82.9,Medium
BID00084,MSME,1,0,1,1,87.4,1,0,0,0,1,1,1,76.4,30,1,1,0,0,0,1,0,0,0,0,96.7,1.1,4,0,93.0,Low
BID00085,MSME,1,0,1,1,68.5,1,1,0,0,1,1,1,68.7,50,0,0,1,1,1,1,0,0,2,0,84.1,1.28,9,0,86.3,Medium
BID00086,MSME,1,1,1,1,62.8,1,1,0,0,1,1,1,46.0,50,0,0,0,0,0,1,0,1,0,0,84.5,1.08,5,0,59.5,High
BID00087,Large Enterprise,1,0,1,1,73.9,1,1,0,0,1,1,1,18.7,50,0,0,0,0,1,1,0,0,1,0,86.1,1.56,0,0,81.1,Medium
BID00088,Large Enterprise,1,0,1,1,100.0,1,1,0,1,1,0,1,50.0,30,0,0,0,0,0,1,0,0,1,0,84.6,1.5,19,0,88.7,Low
BID00089,NSIC Registered,1,0,1,1,99.3,1,1,0,1,0,1,1,49.1,20,0,0,0,0,1,0,0,0,2,0,83.8,1.0,4,0,81.0,Medium
BID00090,Startup,1,0,1,0,88.6,1,1,0,1,0,1,0,81.2,20,1,1,0,0,0,1,0,0,0,0,100.0,0.99,5,0,83.3,Medium
BID00091,MSME,1,0,1,1,62.0,1,1,0,1,1,0,1,62.7,30,1,1,0,0,0,1,0,0,3,0,76.8,0.79,21,0,85.8,Medium
BID00092,Large Enterprise,1,0,1,1,82.1,1,1,0,0,1,0,1,95.3,30,0,0,0,0,1,1,0,0,3,1,64.2,0.66,20,1,65.1,High
BID00093,Large Enterprise,1,0,1,1,89.5,1,1,0,0,1,1,1,84.9,30,0,0,1,1,0,1,0,0,1,0,85.5,0.94,18,1,98.7,Low
BID00094,Large Enterprise,1,0,1,1,87.6,1,1,0,1,0,1,1,43.6,30,0,0,0,0,0,1,0,0,2,0,73.7,0.84,10,0,85.9,Medium
BID00095,Large Enterprise,1,0,1,1,57.3,1,1,0,0,1,1,1,10.1,20,0,0,0,0,1,0,0,0,3,0,71.8,0.8,14,0,75.3,Medium
BID00096,Startup,1,0,1,1,71.6,1,1,0,1,1,0,1,89.6,50,0,0,1,1,1,0,0,0,2,1,84.8,1.09,1,0,72.5,Medium
BID00097,Startup,1,0,0,0,84.0,1,1,0,1,1,1,1,89.0,50,1,1,0,0,0,1,0,0,1,0,88.3,0.61,14,0,87.7,Low
BID00098,Startup,1,0,1,1,93.0,1,1,0,0,1,1,1,20.8,30,0,0,0,0,0,1,0,0,0,0,82.9,0.7,6,0,92.8,Low
BID00099,MSME,1,1,1,1,52.1,0,1,0,1,1,1,1,92.7,30,0,0,0,0,0,1,0,0,2,0,79.5,0.51,16,0,70.9,Medium
BID00100,MSME,1,0,1,1,82.6,1,1,0,1,1,1,1,64.6,50,0,0,0,0,0,1,0,0,0,0,82.6,0.66,11,0,95.9,Low
BID00101,MSME,1,0,1,0,87.1,1,1,0,1,0,1,1,59.0,20,0,0,0,0,0,1,0,0,0,1,84.4,0.85,11,1,73.5,Medium
BID00102,Large Enterprise,0,1,1,1,97.7,1,0,0,1,1,1,1,95.4,30,0,0,0,0,1,0,0,0,2,0,85.0,1.2,4,0,72.3,Medium
BID00103,MSME,1,0,1,1,95.4,1,1,0,0,1,0,1,88.6,30,1,0,1,1,0,1,0,0,2,0,63.5,1.48,19,0,81.3,Medium
BID00104,Startup,1,1,1,1,93.7,1,1,0,0,1,0,1,71.3,20,0,0,0,0,0,1,0,0,1,0,95.5,0.57,6,1,85.4,Medium
BID00105,OEM,1,0,1,1,73.0,1,1,0,1,1,1,1,66.8,20,0,0,0,0,0,1,0,1,2,1,67.5,1.22,1,0,53.1,High
BID00106,MSME,0,1,1,1,56.4,1,1,0,1,1,1,1,70.4,20,0,0,0,0,0,1,0,0,1,0,76.9,0.76,12,0,76.8,Medium
BID00107,Startup,1,0,1,0,79.1,1,1,0,0,1,1,1,45.0,30,0,0,0,0,0,1,0,0,1,0,66.3,1.04,23,1,79.5,Medium
BID00108,Large Enterprise,1,0,1,1,100.0,1,1,0,0,1,1,1,53.6,20,0,0,0,0,1,1,1,0,2,0,87.0,1.14,8,1,63.0,High
BID00109,MSME,1,0,1,1,100.0,1,1,0,1,1,0,1,32.4,30,0,0,0,0,0,1,0,0,4,0,76.5,1.35,14,0,83.0,Medium
BID00110,MSME,1,0,0,0,95.7,1,1,0,1,1,0,1,46.7,30,1,1,0,0,0,1,0,0,0,0,82.8,1.6,14,1,82.8,Medium
BID00111,MSME,1,0,1,1,91.4,1,1,0,0,1,1,1,45.8,20,1,1,0,0,0,1,0,0,0,0,76.1,1.26,0,0,90.0,Low
BID00112,MSME,0,1,1,0,90.7,1,1,1,0,1,1,1,39.1,50,0,0,0,0,1,1,0,0,1,0,72.4,0.88,20,0,63.7,High
BID00113,OEM,1,0,1,1,76.7,1,1,0,1,0,1,1,58.4,20,0,0,0,0,0,1,0,0,1,0,54.9,0.62,19,1,78.1,Medium
BID00114,NSIC Registered,1,0,1,1,83.0,0,1,0,0,1,0,1,46.9,50,0,0,0,0,0,1,1,0,1,0,77.9,1.06,20,0,58.0,High
BID00115,Large Enterprise,1,0,0,0,100.0,1,0,0,1,1,0,1,67.6,20,1,0,0,0,1,1,1,0,1,0,70.5,1.16,24,0,45.5,High
BID00116,NSIC Registered,1,1,1,1,70.9,1,1,0,1,0,0,1,14.4,20,0,0,0,0,1,0,0,0,2,0,91.2,0.71,2,1,71.1,Medium
BID00117,NSIC Registered,1,0,1,1,100.0,1,1,0,1,1,0,1,52.2,30,0,0,1,1,0,1,0,0,4,0,100.0,1.19,0,0,85.4,Medium
BID00118,MSME,1,0,1,1,80.2,1,1,0,0,1,1,1,58.3,30,1,1,0,0,1,1,0,0,1,0,100.0,0.89,18,0,93.3,Low
BID00119,NSIC Registered,1,0,1,1,100.0,1,0,0,1,1,0,1,47.2,30,0,0,0,0,0,1,0,0,1,0,84.0,0.72,19,0,89.3,Low
BID00120,Startup,1,0,1,1,63.9,1,1,0,1,1,0,1,50.7,30,0,0,0,0,0,1,0,0,1,0,75.5,1.03,12,1,89.0,Low
BID00121,NSIC Registered,1,0,1,1,93.8,1,1,0,1,1,0,1,15.4,30,0,0,0,0,0,1,1,0,0,0,61.6,0.77,14,1,57.8,High
BID00122,NSIC Registered,1,0,1,1,73.9,1,1,0,0,1,1,1,63.9,30,0,0,1,1,0,1,0,0,3,0,80.0,0.71,12,0,83.5,Medium
BID00123,MSME,0,1,1,1,63.8,1,1,0,1,0,0,1,71.2,30,0,0,0,0,0,1,0,0,1,0,74.1,1.07,17,1,69.8,High
BID00124,MSME,1,0,1,1,88.3,1,1,0,1,1,0,1,67.3,50,0,0,0,0,0,1,0,0,1,0,76.2,1.1,16,0,89.2,Low
BID00125,MSME,0,1,1,1,100.0,1,1,0,1,1,0,1,81.0,50,1,0,0,0,0,1,0,0,4,0,65.4,0.91,0,1,66.5,High
BID00126,Startup,1,0,1,1,72.3,1,1,0,0,1,0,1,60.0,30,0,0,0,0,0,1,1,0,2,0,93.4,1.07,14,0,66.4,High
BID00127,NSIC Registered,1,0,1,0,62.5,1,0,0,1,1,0,1,67.0,50,1,1,0,0,0,1,0,0,0,0,91.1,1.29,23,1,73.4,Medium
BID00128,NSIC Registered,1,1,1,1,83.6,1,1,0,1,0,0,1,58.9,20,0,0,0,0,0,1,0,0,2,0,74.0,1.21,3,0,81.6,Medium
BID00129,MSME,1,0,1,1,83.7,1,1,0,1,1,0,1,72.2,50,0,0,0,0,0,1,0,0,0,0,95.3,0.79,1,0,93.6,Low
BID00130,Startup,1,1,1,1,93.2,1,1,1,0,1,0,1,15.6,30,1,1,0,0,0,1,0,0,0,0,85.7,1.01,18,0,86.2,Medium
BID00131,Startup,1,0,1,1,99.2,1,0,0,1,0,1,1,32.7,50,0,0,1,1,0,1,0,0,1,0,91.4,0.83,7,0,78.6,Medium
BID00132,MSME,1,0,0,0,84.1,1,1,0,0,1,1,1,94.7,20,0,0,0,0,0,1,0,0,0,0,94.3,0.65,21,0,93.1,Low
BID00133,MSME,1,0,1,1,100.0,1,1,0,0,1,1,1,0.0,50,0,0,0,0,0,1,0,0,0,0,89.4,1.16,15,0,88.1,Low
BID00134,MSME,0,1,1,1,88.4,1,1,0,0,1,0,1,51.5,30,0,0,0,0,0,1,0,0,0,0,75.2,1.25,7,1,84.3,Medium
BID00135,OEM,0,1,1,1,79.8,1,1,0,1,1,0,1,84.3,20,0,0,0,0,0,1,0,0,2,0,97.6,0.88,9,0,79.3,Medium
BID00136,MSME,1,0,1,1,60.8,1,1,0,0,1,0,1,52.7,20,0,0,0,0,1,1,0,0,0,0,94.3,1.06,15,1,93.5,Low
BID00137,Startup,1,0,1,1,81.1,1,1,0,1,1,1,1,44.9,50,0,0,0,0,0,1,0,0,2,0,94.4,1.39,4,0,86.1,Medium
BID00138,Large Enterprise,1,0,1,1,80.0,1,1,0,1,1,1,1,58.2,20,0,0,0,0,0,1,0,0,0,0,69.0,1.26,18,0,90.8,Low
BID00139,MSME,1,0,1,1,99.4,1,1,0,0,1,1,1,46.2,20,1,1,0,0,1,1,0,0,3,0,67.4,0.85,5,0,90.2,Low
BID00140,OEM,1,0,1,1,91.9,1,1,0,1,1,1,1,55.8,20,1,1,0,0,0,1,0,0,4,0,100.0,0.98,9,0,85.9,Medium
BID00141,OEM,1,0,1,1,67.3,1,1,0,1,1,0,1,37.9,30,0,0,0,0,1,1,0,0,1,0,77.3,0.82,23,0,89.5,Low
BID00142,MSME,1,0,1,1,87.6,1,1,0,1,1,1,1,82.7,20,0,0,0,0,0,1,0,0,3,0,88.0,1.06,4,0,84.9,Medium
BID00143,Startup,0,1,1,0,95.1,1,1,0,0,1,0,1,90.6,50,0,0,0,0,0,1,0,0,0,1,99.5,1.01,20,0,75.0,Medium
BID00144,MSME,1,0,1,1,100.0,1,1,0,1,1,0,1,51.7,50,0,0,0,0,1,0,0,0,0,0,100.0,0.71,18,2,86.1,Medium
BID00145,MSME,1,0,1,1,98.3,1,1,0,0,1,1,1,20.3,20,0,0,0,0,1,0,0,0,0,0,91.9,0.89,18,0,91.7,Low
BID00146,MSME,1,0,1,1,96.4,1,1,0,0,1,0,1,41.9,50,0,0,0,0,0,1,0,0,2,1,78.7,0.48,12,0,77.8,Medium
BID00147,Large Enterprise,1,0,1,1,85.9,1,1,0,0,1,1,1,50.4,20,0,0,0,0,1,1,0,0,3,0,81.6,0.74,14,0,83.9,Medium
BID00148,Startup,1,0,1,1,90.8,1,1,0,1,1,1,1,67.6,50,1,1,0,0,1,1,0,0,0,0,89.4,1.1,7,1,91.6,Low
BID00149,MSME,0,1,1,0,100.0,1,1,0,0,1,0,1,29.8,20,0,0,0,0,1,1,0,0,0,1,87.1,1.04,10,0,76.9,Medium
BID00150,MSME,1,0,1,1,65.0,1,1,0,1,1,0,1,35.8,20,0,0,0,0,1,1,0,0,2,0,76.4,1.24,0,1,80.3,Medium
BID00151,OEM,0,1,1,1,79.8,1,0,1,1,1,1,1,67.8,20,0,0,0,0,1,1,0,1,5,1,53.2,1.01,3,0,21.9,High
BID00152,MSME,1,0,1,1,73.4,1,1,0,1,1,1,1,78.5,30,0,0,0,0,0,1,0,0,0,0,76.2,0.95,24,0,92.1,Low
BID00153,MSME,1,0,1,1,90.7,1,1,0,1,1,1,1,39.5,50,0,0,0,0,0,1,0,0,1,1,82.4,1.46,21,1,75.3,Medium
BID00154,Startup,1,1,1,0,100.0,1,1,0,1,1,1,1,21.7,20,1,1,0,0,1,1,0,0,1,0,84.9,0.92,21,0,82.8,Medium
BID00155,OEM,1,0,1,1,76.0,1,0,1,1,1,0,1,100.0,30,0,0,1,1,1,0,1,0,1,0,100.0,0.9,12,0,50.4,High
BID00156,MSME,0,1,1,0,49.1,1,1,0,1,1,0,1,74.6,30,0,0,0,0,0,1,0,0,2,0,97.8,1.01,6,1,70.8,Medium
BID00157,Large Enterprise,0,1,1,1,78.8,1,1,0,1,1,1,1,48.3,20,1,1,1,1,1,1,0,0,0,0,79.5,0.81,6,0,82.3,Medium
BID00158,Large Enterprise,1,0,1,1,98.7,1,1,0,0,1,0,1,76.7,20,0,0,0,0,0,1,0,0,0,0,91.0,1.06,5,0,95.2,Low
BID00159,MSME,1,0,1,1,93.1,1,1,0,0,1,1,1,51.9,20,0,0,0,0,1,1,1,0,0,0,53.0,0.82,24,1,59.3,High
BID00160,Large Enterprise,1,0,1,1,91.4,1,1,1,0,1,1,1,76.7,20,0,0,0,0,1,1,0,0,1,0,99.7,0.89,7,0,88.0,Low
BID00161,MSME,0,1,1,1,80.8,1,1,0,1,1,0,1,59.0,20,1,1,0,0,1,1,0,0,1,0,79.0,0.81,11,0,77.1,Medium
BID00162,Large Enterprise,1,0,1,1,65.8,1,1,0,1,0,0,1,57.3,50,1,0,1,1,1,1,0,0,0,0,87.2,0.56,23,0,76.4,Medium
BID00163,Large Enterprise,1,0,1,1,92.7,1,1,0,0,1,0,1,52.2,20,0,0,0,0,0,1,0,0,2,0,85.4,0.4,17,0,88.6,Low
BID00164,Startup,1,0,1,1,72.5,1,1,0,1,1,0,1,18.8,20,0,0,0,0,1,1,0,0,1,0,97.3,0.64,22,0,91.4,Low
BID00165,MSME,1,0,1,1,100.0,1,1,0,0,1,0,1,100.0,50,0,0,0,0,0,1,0,0,1,0,80.8,1.29,14,1,87.0,Low
BID00166,NSIC Registered,1,0,1,1,93.6,1,1,0,1,1,1,0,31.5,30,0,0,1,1,0,1,0,0,0,1,94.9,1.02,15,0,88.7,Low
BID00167,MSME,1,0,1,0,76.3,1,1,0,0,1,0,1,21.0,50,0,0,0,0,0,1,0,0,2,0,89.4,0.88,0,2,69.8,High
BID00168,MSME,0,1,1,1,75.8,1,1,0,1,1,0,1,49.7,30,0,0,0,0,1,1,0,0,1,0,86.5,0.74,9,0,81.8,Medium
BID00169,MSME,1,0,1,1,83.6,1,1,0,1,1,1,0,31.0,30,0,0,0,0,1,1,0,0,2,1,83.7,1.32,14,0,72.9,Medium
BID00170,Large Enterprise,1,1,1,1,81.4,1,1,0,0,1,0,1,53.7,50,0,0,0,0,0,1,0,0,2,0,78.9,0.84,23,0,84.3,Medium
BID00171,Large Enterprise,0,1,1,1,100.0,1,1,0,1,1,1,1,72.2,20,0,0,0,0,1,1,0,0,3,0,83.0,0.79,12,0,84.8,Medium
BID00172,MSME,1,1,1,1,87.8,1,1,0,1,1,1,1,79.9,30,0,0,0,0,0,1,0,0,1,0,80.4,0.53,18,0,83.6,Medium
BID00173,Startup,0,1,1,1,74.0,1,0,0,1,1,0,1,75.4,20,1,0,0,0,0,1,0,0,1,0,90.0,0.44,12,1,64.1,High
BID00174,MSME,1,0,1,1,100.0,1,1,0,0,1,1,1,47.4,50,0,0,0,0,0,1,0,0,1,0,71.4,1.12,8,0,92.2,Low
BID00175,Large Enterprise,1,0,1,0,85.7,1,1,0,1,1,0,1,56.2,30,0,0,0,0,1,1,0,0,3,0,85.9,1.42,20,0,78.0,Medium
BID00176,MSME,0,1,1,1,96.5,1,1,0,1,0,1,1,65.2,20,0,0,1,1,0,1,0,0,1,0,100.0,1.07,15,0,83.0,Medium
BID00177,Large Enterprise,1,1,1,1,75.9,1,1,0,1,1,0,1,11.1,30,0,0,0,0,0,1,0,0,3,1,79.7,1.07,22,0,73.3,Medium
BID00178,MSME,1,0,1,1,90.4,1,1,0,1,1,1,1,69.3,30,0,0,0,0,0,1,0,0,1,1,90.3,1.45,13,0,76.6,Medium
BID00179,OEM,1,0,1,1,89.7,1,1,0,0,1,1,1,18.6,50,0,0,0,0,1,0,0,0,1,0,57.1,1.13,22,0,79.0,Medium
BID00180,MSME,1,0,1,1,56.7,1,0,0,1,1,1,1,100.0,20,1,1,0,0,0,1,0,1,1,0,66.0,1.0,8,0,56.4,High
BID00181,MSME,1,0,1,1,100.0,0,1,1,1,1,0,1,44.9,20,0,0,0,0,0,1,0,0,0,0,83.4,1.14,17,1,74.6,Medium
BID00182,MSME,1,0,1,1,100.0,1,0,0,1,1,0,1,50.4,30,1,1,0,0,0,1,0,0,0,0,84.1,1.23,3,1,89.7,Low
BID00183,OEM,0,1,1,1,79.0,1,1,1,1,1,0,1,35.8,20,0,0,0,0,0,1,0,0,2,0,85.5,1.13,11,1,70.6,High
BID00184,NSIC Registered,1,0,1,1,68.5,1,1,0,1,1,1,1,39.3,30,0,0,0,0,0,1,0,1,1,0,100.0,0.88,23,1,64.2,High
BID00185,MSME,1,0,1,1,90.2,1,1,0,1,1,1,1,100.0,50,0,0,0,0,1,1,0,0,1,0,78.0,1.1,4,0,90.8,Low
BID00186,Large Enterprise,1,0,1,1,86.3,1,1,0,1,0,1,1,78.5,50,0,0,0,0,0,1,0,0,4,0,86.0,0.83,10,0,79.4,Medium
BID00187,NSIC Registered,1,0,1,1,90.3,1,1,0,0,1,0,1,16.3,20,0,0,0,0,0,1,0,0,3,0,76.4,0.99,4,0,82.6,Medium
BID00188,Large Enterprise,1,0,1,1,87.9,1,1,0,1,0,1,1,92.6,50,0,0,0,0,1,0,0,0,3,0,93.8,1.1,18,0,79.7,Medium
BID00189,Startup,0,1,1,1,92.6,1,1,0,0,1,0,1,84.8,50,0,0,0,0,0,1,0,0,2,0,71.2,1.46,20,1,75.6,Medium
BID00190,MSME,1,0,0,0,100.0,1,0,0,1,0,0,1,48.0,20,0,0,0,0,0,1,0,0,0,1,76.6,1.11,6,0,70.8,Medium
BID00191,MSME,1,0,1,1,93.5,1,1,0,1,1,1,1,62.7,30,0,0,0,0,1,1,0,0,1,0,74.2,1.0,3,0,97.7,Low
BID00192,NSIC Registered,1,0,1,1,69.3,1,1,0,1,0,1,1,54.6,50,0,0,0,0,1,1,0,0,2,0,94.9,0.9,7,0,87.1,Low
BID00193,OEM,1,0,1,1,100.0,1,1,0,1,1,0,1,100.0,20,0,0,0,0,0,1,0,0,1,0,86.5,0.85,5,0,94.5,Low
BID00194,Large Enterprise,1,0,1,1,100.0,1,1,0,0,1,1,1,35.1,20,0,0,0,0,0,1,0,0,1,0,88.4,0.9,5,0,95.0,Low
BID00195,MSME,1,0,1,1,100.0,1,1,0,0,1,1,1,58.7,20,1,1,0,0,0,1,0,0,0,0,82.7,1.01,21,1,95.7,Low
BID00196,MSME,1,0,1,1,68.1,1,1,0,0,1,1,1,44.3,50,1,1,0,0,1,0,0,0,3,0,99.5,1.23,3,1,80.7,Medium
BID00197,Large Enterprise,1,0,1,1,88.6,1,1,0,0,1,0,1,19.2,50,0,0,0,0,1,1,1,0,3,0,83.1,0.68,13,1,46.8,High
BID00198,NSIC Registered,1,0,1,1,53.8,1,1,0,1,0,0,1,100.0,30,0,0,0,0,0,1,0,0,1,0,100.0,1.19,2,1,79.7,Medium
BID00199,NSIC Registered,1,0,1,0,93.3,1,1,0,1,1,1,1,25.5,30,0,0,0,0,0,1,0,0,1,0,100.0,0.86,9,0,92.3,Low
BID00200,Large Enterprise,1,0,1,1,76.8,0,1,0,0,1,1,1,60.5,30,1,1,0,0,1,1,0,0,2,0,67.3,0.82,21,0,78.3,Medium
BID00201,Large Enterprise,1,0,1,1,100.0,1,1,0,0,1,1,1,11.5,30,0,0,0,0,0,1,0,0,2,0,92.7,1.13,5,0,89.3,Low
BID00202,MSME,1,0,1,1,73.4,1,1,0,1,1,0,1,45.0,30,0,0,0,0,0,1,0,0,1,0,100.0,0.91,17,0,92.5,Low
BID00203,MSME,1,0,1,1,59.7,1,1,0,1,1,1,0,65.5,30,0,0,0,0,1,1,0,0,3,0,80.1,1.12,9,0,79.9,Medium
BID00204,NSIC Registered,1,0,0,0,77.9,1,1,0,1,1,1,1,34.4,20,0,0,0,0,1,0,0,0,0,0,89.9,1.1,8,0,86.3,Medium
BID00205,Large Enterprise,1,0,1,1,55.4,1,1,0,0,1,0,1,69.7,30,0,0,0,0,1,1,0,0,1,0,67.3,1.2,15,0,84.8,Medium
BID00206,MSME,1,0,0,0,96.3,1,1,0,1,1,0,1,48.3,50,0,0,0,0,0,1,0,0,0,1,73.0,1.33,19,1,76.5,Medium
BID00207,MSME,1,0,1,1,54.0,1,1,0,1,1,0,1,84.0,30,0,0,0,0,1,1,0,0,2,0,82.0,0.57,3,0,90.5,Low
BID00208,Large Enterprise,1,0,1,1,85.4,1,1,0,1,1,0,1,89.0,50,0,0,0,0,0,1,0,0,1,0,68.7,1.05,10,0,90.9,Low
BID00209,MSME,1,0,1,1,53.8,1,1,0,0,1,1,1,40.3,30,0,0,0,0,0,1,0,0,0,0,85.7,0.82,11,0,95.9,Low
BID00210,MSME,0,1,1,1,80.2,1,0,0,1,1,1,1,56.9,20,0,0,0,0,0,1,0,0,2,1,92.8,1.1,23,5,51.6,High
BID00211,Startup,1,0,1,1,100.0,1,1,1,0,1,1,1,59.6,20,0,0,0,0,1,0,0,0,1,1,74.0,0.65,18,1,64.1,High
BID00212,Large Enterprise,1,0,1,1,90.4,1,1,0,1,1,1,1,70.5,50,0,0,0,0,0,1,0,0,1,0,68.9,1.01,9,0,92.1,Low
BID00213,Large Enterprise,1,0,1,0,72.0,1,1,0,0,1,0,1,55.4,30,0,0,0,0,0,1,0,0,2,0,66.1,0.53,6,0,75.2,Medium
BID00214,MSME,1,0,1,1,84.5,1,1,0,0,1,0,1,59.8,20,1,1,0,0,0,1,0,0,0,0,99.5,1.01,6,0,98.1,Low
BID00215,Large Enterprise,1,0,1,1,85.3,1,1,0,1,1,0,1,48.9,20,0,0,0,0,0,1,0,0,0,0,64.1,1.0,17,1,92.2,Low
BID00216,MSME,0,1,1,1,92.1,1,1,0,1,1,1,0,57.9,30,0,0,0,0,0,1,0,0,2,0,88.5,0.83,2,0,75.6,Medium
BID00217,MSME,1,0,1,1,64.5,1,1,0,1,1,0,1,87.4,50,0,0,0,0,0,1,0,0,2,1,100.0,0.9,11,1,79.6,Medium
BID00218,Large Enterprise,1,0,1,1,93.9,1,0,0,1,1,0,1,71.2,50,0,0,0,0,1,1,0,0,1,0,73.3,0.91,13,1,88.2,Low
BID00219,Large Enterprise,1,0,1,1,44.4,1,1,0,0,1,1,1,72.5,50,0,0,0,0,0,1,0,0,1,0,74.9,0.61,19,1,80.7,Medium
BID00220,NSIC Registered,0,1,1,1,75.6,1,1,0,1,1,0,1,73.1,20,0,0,0,0,0,1,0,0,0,0,87.1,0.68,1,1,81.3,Medium
BID00221,Large Enterprise,1,0,1,1,77.7,1,1,0,1,1,1,1,51.2,30,0,0,0,0,0,1,0,0,2,0,87.9,1.05,8,0,90.6,Low
BID00222,Large Enterprise,1,0,1,1,94.5,1,1,0,1,1,1,1,63.0,20,0,0,0,0,1,1,0,0,0,0,79.0,1.27,9,0,93.8,Low
BID00223,MSME,1,0,1,0,85.3,1,1,0,1,0,0,1,27.9,20,0,0,0,0,1,1,0,0,1,0,81.4,1.2,5,0,80.4,Medium
BID00224,MSME,1,1,1,1,63.9,1,0,0,0,1,0,1,86.7,20,0,0,0,0,0,1,0,0,0,0,86.1,0.49,16,1,75.5,Medium
BID00225,MSME,0,1,1,1,70.2,1,1,0,1,1,1,1,0.0,20,0,0,0,0,1,1,1,0,2,0,80.2,1.31,14,1,46.8,High
BID00226,MSME,0,1,1,1,88.0,1,1,0,0,1,1,0,52.8,30,0,0,0,0,0,1,0,0,4,0,80.6,1.33,0,0,75.8,Medium
BID00227,OEM,1,0,1,1,83.8,1,1,0,0,1,0,1,83.5,20,0,0,0,0,0,1,0,0,0,0,100.0,0.81,23,0,96.6,Low
BID00228,MSME,0,1,1,1,76.3,1,0,0,1,1,0,1,20.9,20,0,0,0,0,0,1,0,0,1,0,97.2,0.82,21,0,78.5,Medium
BID00229,NSIC Registered,1,0,1,1,77.8,1,1,0,1,1,0,1,65.0,50,0,0,1,1,1,0,0,0,2,0,98.1,0.87,12,1,85.4,Medium
BID00230,Large Enterprise,0,1,1,1,95.4,1,1,0,0,1,1,1,38.0,20,1,0,0,0,1,1,0,0,4,0,80.9,1.08,9,0,71.3,Medium
BID00231,Large Enterprise,1,0,1,1,77.2,1,1,0,1,1,1,1,45.8,30,0,0,0,0,0,1,0,0,0,0,64.4,0.92,11,1,92.8,Low
BID00232,Startup,1,0,1,1,83.7,1,1,0,1,1,1,1,78.6,20,0,0,1,1,0,1,1,0,0,0,100.0,1.1,22,0,69.2,High
BID00233,Large Enterprise,1,0,1,1,100.0,1,1,0,1,1,1,1,60.0,30,1,0,0,0,0,1,0,0,0,0,77.6,0.67,21,0,88.6,Low
BID00234,Startup,1,0,1,1,63.6,1,1,0,1,1,1,1,4.1,30,1,1,0,0,0,1,0,0,0,1,88.7,0.73,15,0,81.8,Medium
BID00235,MSME,1,0,1,1,57.2,1,1,0,0,1,1,1,30.6,30,0,0,0,0,0,1,0,0,4,0,94.4,0.78,1,1,83.5,Medium
BID00236,Large Enterprise,1,0,1,1,96.8,1,1,0,1,1,0,1,79.4,50,0,0,1,0,1,0,0,1,0,0,78.0,0.8,2,0,51.5,High
BID00237,MSME,1,1,1,1,74.8,1,1,0,1,1,1,0,66.2,50,0,0,1,1,0,1,0,0,1,0,95.8,1.11,7,0,80.2,Medium
BID00238,MSME,1,0,1,1,80.2,1,1,0,0,1,0,1,98.7,20,0,0,0,0,1,1,1,0,1,0,85.1,1.06,19,0,69.8,High
BID00239,Large Enterprise,1,1,1,1,73.3,1,1,0,0,1,1,1,97.1,20,0,0,1,1,1,1,0,0,3,0,81.8,1.16,14,0,85.3,Medium
BID00240,MSME,1,0,1,0,81.1,1,1,0,1,1,1,1,46.4,20,0,0,0,0,0,1,0,0,1,0,78.0,1.27,23,0,83.4,Medium
BID00241,OEM,0,1,1,1,100.0,1,1,0,0,1,1,1,100.0,30,1,0,1,0,0,1,0,0,0,0,73.0,1.1,18,1,74.4,Medium
BID00242,OEM,1,0,1,1,97.0,1,1,0,1,1,1,1,55.6,30,0,0,0,0,0,1,1,0,3,0,62.6,0.55,17,0,57.5,High
BID00243,OEM,1,0,1,1,97.9,1,1,0,0,1,1,0,30.9,30,0,0,0,0,0,1,0,0,1,0,100.0,0.9,22,0,91.6,Low
BID00244,MSME,1,0,1,1,63.8,1,1,0,1,0,0,1,39.2,20,0,0,0,0,1,1,1,0,0,0,100.0,0.93,0,0,60.3,High
BID00245,MSME,0,1,1,1,67.7,1,1,0,1,1,0,1,0.0,20,0,0,0,0,0,1,0,0,0,0,86.2,1.06,18,1,75.3,Medium
BID00246,OEM,1,0,1,1,42.4,1,1,0,0,1,1,1,95.2,20,0,0,0,0,0,1,0,0,0,0,100.0,0.76,1,0,92.9,Low
BID00247,Startup,1,1,0,0,72.9,1,1,0,1,1,1,1,94.9,20,0,0,1,1,1,1,0,0,1,1,100.0,1.37,4,0,71.7,Medium
BID00248,OEM,1,0,1,1,99.4,1,1,0,0,1,0,1,29.6,50,0,0,0,0,0,1,0,0,2,0,92.2,0.9,17,2,87.1,Low
BID00249,OEM,0,1,1,1,92.8,1,1,0,1,1,0,1,49.3,50,0,0,0,0,0,1,0,0,1,0,80.9,0.92,15,0,84.5,Medium
BID00250,NSIC Registered,1,0,1,1,81.7,1,1,0,0,1,1,1,57.4,50,0,0,0,0,0,1,0,0,1,0,97.9,0.95,9,0,95.5,Low
BID00251,MSME,1,0,1,1,84.7,1,1,0,0,1,0,1,31.0,20,0,0,0,0,0,1,0,0,1,0,95.9,0.87,20,1,88.4,Low
BID00252,MSME,1,0,1,1,74.7,1,1,0,1,1,0,1,11.1,50,0,0,0,0,0,1,0,0,2,0,94.5,0.57,2,0,78.2,Medium
BID00253,NSIC Registered,0,1,1,1,88.1,1,1,0,0,1,0,1,49.7,50,0,0,0,0,0,1,0,0,1,0,81.0,1.31,24,0,81.4,Medium
BID00254,MSME,1,0,1,1,96.5,1,1,0,1,1,0,1,47.0,20,0,0,0,0,0,1,1,0,1,1,89.5,0.84,9,0,59.1,High
BID00255,MSME,1,0,1,1,60.8,1,1,0,0,1,0,1,45.3,50,0,0,0,0,0,1,0,0,1,0,88.3,1.16,24,0,90.7,Low
BID00256,Large Enterprise,0,1,1,1,89.5,1,1,0,1,1,0,1,60.6,20,0,0,0,0,0,1,0,0,2,0,80.4,0.89,23,0,79.2,Medium
BID00257,OEM,1,0,1,0,99.0,1,1,0,0,1,1,1,90.7,20,0,0,0,0,0,1,0,0,1,1,89.4,0.84,12,0,78.9,Medium
BID00258,Large Enterprise,1,0,1,1,78.8,1,1,0,1,1,0,1,47.4,20,0,0,0,0,1,1,0,0,2,0,100.0,0.69,20,0,90.1,Low
BID00259,Large Enterprise,1,0,1,1,95.5,1,1,0,1,1,0,1,59.3,30,0,0,1,1,0,1,0,0,3,0,100.0,0.55,9,0,87.1,Low
BID00260,MSME,1,0,1,1,100.0,1,1,0,1,1,0,1,73.2,20,0,0,0,0,0,1,0,0,1,0,91.0,0.89,10,0,93.0,Low
BID00261,Large Enterprise,1,0,1,1,83.4,1,1,0,1,1,0,1,68.9,50,0,0,0,0,1,1,0,0,1,0,83.0,0.88,6,0,90.0,Low
BID00262,OEM,1,0,1,0,90.9,1,1,0,0,1,1,1,39.6,50,0,0,0,0,0,1,0,0,1,1,95.3,1.36,1,1,73.7,Medium
BID00263,MSME,1,0,1,1,73.9,1,1,0,0,1,1,0,57.4,20,1,1,0,0,1,1,0,0,0,0,74.5,1.02,18,0,92.4,Low
BID00264,Startup,1,0,1,1,87.7,1,1,0,0,1,1,1,68.7,30,0,0,0,0,1,1,0,0,0,0,80.5,1.29,17,1,91.4,Low
BID00265,NSIC Registered,0,1,1,1,91.9,1,1,0,1,1,1,1,26.8,30,0,0,0,0,0,1,0,0,1,1,100.0,0.62,10,0,77.1,Medium
BID00266,Large Enterprise,1,0,1,1,87.9,1,1,0,1,1,1,1,86.6,30,0,0,0,0,0,1,0,0,0,0,100.0,1.01,16,0,98.4,Low
BID00267,Large Enterprise,0,1,1,1,69.7,1,1,0,1,1,0,1,90.8,50,0,0,0,0,0,1,0,0,0,0,98.7,1.14,2,0,83.9,Medium
BID00268,Large Enterprise,1,0,1,1,88.1,1,0,0,0,1,1,1,36.9,30,0,0,0,0,1,0,0,0,2,0,84.0,1.03,19,0,82.1,Medium
BID00269,MSME,0,1,1,1,100.0,1,1,0,0,1,0,1,59.8,30,0,0,1,1,0,1,0,0,1,0,58.7,1.04,11,0,82.2,Medium
BID00270,MSME,1,0,1,1,91.7,1,1,0,1,1,0,1,71.1,20,0,0,0,0,1,1,0,0,1,0,94.4,0.94,24,1,92.5,Low
BID00271,NSIC Registered,1,0,1,1,99.4,1,1,0,1,0,1,0,41.4,30,0,0,0,0,0,1,0,0,1,0,91.3,0.7,1,0,84.8,Medium
BID00272,NSIC Registered,1,0,1,1,81.4,1,1,0,1,1,1,1,67.0,30,0,0,0,0,0,1,0,0,0,1,91.6,0.66,24,1,81.9,Medium
BID00273,NSIC Registered,0,1,1,1,96.2,1,1,0,0,1,0,1,59.1,30,0,0,0,0,0,1,0,0,0,0,67.8,1.18,0,0,82.1,Medium
BID00274,OEM,1,0,1,1,89.2,1,1,0,0,1,0,1,18.3,20,1,1,0,0,1,1,0,0,1,0,81.0,0.83,8,0,91.2,Low
BID00275,Startup,1,0,1,1,70.7,1,1,0,0,1,0,1,66.5,20,1,1,0,0,0,1,0,0,1,0,100.0,0.89,21,0,100.0,Low
BID00276,Startup,1,0,1,1,89.8,1,1,0,1,1,0,1,27.5,30,0,0,0,0,0,1,0,0,2,0,72.7,0.83,23,0,88.6,Low
BID00277,Large Enterprise,1,0,1,1,70.1,1,1,0,0,1,0,1,78.5,50,1,1,0,0,1,1,0,0,1,0,91.9,0.78,18,0,87.2,Low
BID00278,Large Enterprise,1,0,1,1,75.5,1,0,0,0,1,0,1,38.2,50,0,0,0,0,1,1,0,0,0,0,77.1,0.63,7,0,81.9,Medium
BID00279,Large Enterprise,1,0,1,0,87.8,1,1,0,1,1,0,1,51.0,20,0,0,0,0,0,1,0,0,2,0,91.1,1.38,8,0,80.2,Medium
BID00280,Large Enterprise,1,0,1,1,89.5,1,0,0,1,1,0,1,89.3,30,0,0,0,0,0,1,0,1,3,0,82.6,0.49,6,0,51.0,High
BID00281,NSIC Registered,1,0,1,1,67.2,1,0,0,1,1,0,1,67.4,50,0,0,0,0,0,1,1,0,1,0,99.5,1.17,3,0,60.4,High
BID00282,MSME,1,0,1,1,100.0,1,1,0,1,1,1,1,28.0,30,0,0,0,0,1,1,0,0,0,0,85.5,1.27,21,0,92.1,Low
BID00283,MSME,1,0,0,0,93.6,0,1,0,0,1,0,1,29.6,20,0,0,1,1,0,1,0,0,1,0,96.9,1.04,15,0,85.9,Medium
BID00284,MSME,1,0,1,1,74.4,1,1,0,1,1,1,1,40.0,50,0,0,0,0,0,1,0,0,0,0,100.0,0.96,5,1,92.1,Low
BID00285,Large Enterprise,1,0,1,1,61.9,1,1,0,0,1,0,1,64.9,20,0,0,0,0,0,1,0,0,3,0,96.8,1.06,17,1,83.9,Medium
BID00286,MSME,1,0,1,1,82.8,1,1,0,1,1,1,1,64.0,30,0,0,0,0,0,1,0,0,0,1,91.9,0.9,1,0,88.4,Low
BID00287,Startup,1,0,1,1,78.3,1,1,0,1,1,1,1,33.9,20,0,0,0,0,0,1,0,0,2,0,98.9,1.25,10,0,91.6,Low
BID00288,Startup,1,0,1,1,86.7,1,1,0,1,0,1,1,25.8,20,0,0,0,0,0,1,0,0,2,1,91.8,1.28,4,0,77.0,Medium
BID00289,MSME,1,0,1,0,79.6,1,1,0,1,0,1,1,62.0,20,0,0,0,0,0,1,0,0,1,0,77.7,1.14,16,1,81.3,Medium
BID00290,Large Enterprise,1,0,1,1,54.9,1,1,0,1,0,1,1,50.5,20,0,0,0,0,0,1,0,0,0,0,74.8,0.59,4,0,82.6,Medium
BID00291,MSME,1,0,1,1,79.2,1,1,1,1,1,0,1,100.0,50,0,0,0,0,1,1,0,0,7,0,93.3,1.17,2,0,69.2,High
BID00292,MSME,1,0,1,1,80.4,1,1,0,1,1,1,1,55.9,30,0,0,0,0,0,1,0,0,0,0,77.5,1.32,18,0,97.7,Low
BID00293,NSIC Registered,1,0,1,1,94.5,1,1,0,1,1,1,0,100.0,50,1,0,0,0,1,0,0,0,0,0,76.3,1.15,7,0,79.3,Medium
BID00294,MSME,1,0,1,1,74.5,1,1,0,1,1,1,1,25.7,30,1,1,0,0,0,1,0,0,2,0,82.7,1.25,10,0,82.8,Medium
BID00295,MSME,1,1,1,1,100.0,1,1,0,1,0,0,1,15.7,30,0,0,0,0,0,1,0,0,1,0,64.3,0.82,2,0,85.4,Medium
BID00296,Startup,1,0,1,1,56.3,1,1,0,1,1,1,1,27.0,30,0,0,0,0,0,1,0,0,0,0,77.2,0.88,2,2,85.2,Medium
BID00297,Large Enterprise,1,0,1,1,100.0,1,1,0,0,1,1,1,84.7,30,0,0,1,0,1,1,0,0,1,0,76.2,1.33,0,1,86.9,Medium
BID00298,MSME,1,0,1,1,81.6,1,1,0,1,1,1,1,98.9,30,1,1,1,1,1,1,0,0,0,1,100.0,1.17,23,1,84.8,Medium
BID00299,Large Enterprise,1,0,1,1,97.9,1,1,0,0,1,0,1,35.4,50,0,0,0,0,1,1,0,0,1,0,94.0,0.94,12,1,87.5,Low
BID00300,MSME,0,1,1,1,86.2,1,1,0,1,1,1,1,43.5,30,0,0,0,0,1,1,0,0,0,0,79.9,0.93,9,0,89.0,Low
BID00301,MSME,1,0,1,1,100.0,1,1,0,0,1,1,1,25.8,20,0,0,0,0,0,1,0,0,1,0,75.8,1.0,5,0,95.4,Low
BID00302,Startup,1,1,1,1,79.2,1,1,0,1,0,1,1,9.7,50,0,0,0,0,0,1,0,0,0,0,55.7,0.93,10,0,76.3,Medium
BID00303,Startup,1,0,1,1,68.5,1,1,1,0,1,0,1,73.0,50,0,0,0,0,1,0,1,0,1,0,67.4,1.0,7,2,38.1,High
BID00304,Large Enterprise,1,0,1,1,100.0,1,1,0,1,1,1,1,60.6,30,0,0,0,0,1,1,0,0,0,1,65.1,1.79,18,0,83.6,Medium
BID00305,Large Enterprise,1,0,1,1,83.3,1,1,0,0,1,0,1,55.3,20,0,0,0,0,0,1,0,0,2,0,73.3,0.82,10,1,85.9,Medium
BID00306,OEM,1,0,1,1,88.3,1,1,0,1,1,1,0,20.0,20,0,0,1,1,0,1,0,0,2,0,84.9,0.55,5,1,76.1,Medium
BID00307,Startup,1,0,1,1,100.0,1,1,0,1,1,1,1,96.0,30,0,0,0,0,0,1,0,0,2,0,82.7,0.83,11,0,92.8,Low
BID00308,MSME,1,0,1,1,69.5,1,1,0,0,1,1,1,42.4,30,0,0,0,0,1,0,0,0,1,0,74.3,1.14,17,1,81.0,Medium
BID00309,Large Enterprise,1,0,1,1,93.9,1,0,0,1,1,1,1,68.3,20,0,0,0,0,0,1,0,0,2,0,84.4,1.15,2,0,86.3,Medium
BID00310,MSME,1,0,1,1,76.2,1,1,0,1,1,1,1,18.6,50,0,0,0,0,0,1,0,0,3,0,67.8,0.73,12,3,61.1,High
BID00311,Startup,1,0,1,1,83.0,1,1,0,1,1,1,1,50.2,50,0,0,0,0,1,1,0,0,0,0,90.3,0.91,3,0,99.1,Low
BID00312,MSME,1,0,1,1,86.1,1,1,0,0,1,1,0,62.3,30,0,0,0,0,1,1,0,0,1,0,94.2,1.22,8,0,87.3,Low
BID00313,MSME,0,1,1,1,62.5,1,1,0,0,1,0,1,63.2,50,0,0,0,0,0,1,0,0,2,0,90.9,0.97,15,0,84.3,Medium
BID00314,OEM,1,0,0,0,73.3,1,1,0,1,1,0,1,58.9,50,0,0,0,0,0,1,0,0,1,0,98.1,0.74,11,0,88.1,Low
BID00315,NSIC Registered,1,0,0,0,100.0,1,1,0,0,1,1,1,67.4,20,0,0,1,1,1,1,0,0,0,0,66.8,0.8,19,0,88.6,Low
BID00316,Large Enterprise,1,0,1,1,98.3,1,1,0,1,1,0,1,26.7,50,0,0,0,0,0,1,0,0,1,0,85.5,1.35,6,0,86.2,Medium
BID00317,Startup,1,0,1,1,84.1,1,1,0,1,1,0,1,59.9,20,0,0,1,1,1,1,0,0,0,0,73.6,0.89,11,2,88.9,Low
BID00318,MSME,0,1,1,1,88.6,1,1,0,0,1,0,1,57.8,30,0,0,0,0,0,1,0,0,2,0,71.2,1.01,7,0,81.1,Medium
BID00319,MSME,1,0,1,1,80.6,1,1,0,0,1,1,0,60.8,30,1,1,0,0,0,1,0,1,0,0,68.0,0.6,20,1,58.8,High
BID00320,MSME,0,1,1,1,100.0,1,1,0,0,1,0,1,56.8,20,0,0,0,0,0,1,0,0,3,0,100.0,0.94,14,1,79.7,Medium
BID00321,Startup,1,0,1,1,82.0,1,1,0,1,1,1,1,23.2,20,0,0,0,0,0,1,0,0,0,0,95.9,1.71,1,0,94.2,Low
BID00322,Large Enterprise,0,1,1,1,88.5,1,1,0,1,1,0,1,22.1,30,0,0,0,0,0,1,0,0,2,1,100.0,1.45,10,0,74.8,Medium
BID00323,Large Enterprise,1,0,1,1,100.0,1,0,0,1,1,1,1,0.0,20,0,0,0,0,1,1,0,0,2,0,89.2,1.06,23,0,86.3,Medium
BID00324,MSME,1,0,1,1,73.3,1,1,0,1,0,1,1,75.4,30,0,0,0,0,0,1,0,0,1,0,75.1,1.4,20,0,81.5,Medium
BID00325,OEM,1,0,0,0,100.0,1,1,0,1,1,1,1,75.7,30,0,0,0,0,0,1,0,0,1,0,93.1,1.15,4,0,88.0,Low
BID00326,Large Enterprise,1,0,1,1,62.0,1,1,1,0,1,1,1,76.1,30,0,0,1,0,0,1,0,0,2,0,100.0,1.58,22,1,69.3,High
BID00327,Large Enterprise,1,0,1,1,100.0,1,1,0,0,1,0,1,62.7,30,0,0,0,0,0,1,0,0,2,0,91.3,1.17,5,0,95.0,Low
BID00328,Large Enterprise,1,0,1,1,79.4,1,1,0,1,1,1,1,1.7,30,0,0,0,0,0,1,0,0,0,0,83.6,1.33,18,1,81.2,Medium
BID00329,Startup,1,0,1,1,81.4,1,0,1,1,1,0,1,29.3,30,1,1,1,1,0,1,0,0,1,0,88.3,0.47,13,1,68.3,High
BID00330,MSME,1,0,1,1,56.6,1,1,0,0,1,1,1,59.3,50,0,0,1,0,1,1,0,0,1,0,98.4,1.1,6,0,85.5,Medium
BID00331,MSME,1,0,1,1,78.2,1,1,0,1,1,1,0,58.4,50,0,0,0,0,0,1,0,0,1,0,84.8,0.85,11,0,87.0,Low
BID00332,Large Enterprise,1,0,1,1,69.4,1,1,0,0,1,0,1,49.4,30,0,0,0,0,0,1,0,0,3,0,83.6,1.14,16,0,91.3,Low
BID00333,MSME,1,0,1,1,75.9,1,1,0,1,1,0,1,64.2,50,0,0,0,0,0,1,1,0,0,0,76.9,1.13,3,0,65.8,High
BID00334,MSME,1,1,1,1,82.9,1,1,0,1,1,1,0,55.3,20,1,1,0,0,0,1,0,0,0,0,89.3,1.35,19,1,79.0,Medium
BID00335,MSME,1,1,1,1,99.4,1,1,1,0,1,1,1,58.0,20,0,0,0,0,0,1,0,0,1,0,69.8,1.26,21,1,71.8,Medium
BID00336,MSME,1,0,1,1,88.1,1,0,0,1,1,0,1,39.0,30,0,0,0,0,0,1,0,0,1,0,80.4,0.65,21,0,83.7,Medium
BID00337,NSIC Registered,1,1,1,1,89.6,1,1,0,1,1,1,1,79.6,50,0,0,0,0,0,1,0,0,3,0,83.5,0.54,9,0,85.6,Medium
BID00338,Large Enterprise,1,0,1,1,68.6,1,1,0,1,1,0,1,44.2,20,0,0,0,0,0,1,0,0,1,0,72.3,0.95,23,1,88.8,Low
BID00339,Startup,1,1,1,1,71.8,1,1,0,0,1,0,1,21.7,20,0,0,0,0,0,1,0,0,3,0,84.7,1.19,0,0,82.7,Medium
BID00340,MSME,1,0,1,1,100.0,1,1,0,0,1,1,1,35.7,20,0,0,0,0,0,1,0,0,3,0,96.4,1.16,22,1,88.8,Low
BID00341,Startup,1,0,1,1,74.0,1,0,0,1,1,1,1,46.3,20,1,1,0,0,1,1,0,0,2,1,100.0,1.02,3,0,83.4,Medium
BID00342,Startup,1,0,1,1,100.0,1,1,0,1,1,1,1,79.9,50,0,0,0,0,0,1,0,0,3,0,82.2,1.15,12,0,87.3,Low
BID00343,MSME,1,0,1,1,81.4,1,1,0,0,1,1,1,53.9,20,0,0,0,0,0,1,0,0,0,0,79.5,1.21,5,0,90.9,Low
BID00344,Startup,1,0,1,1,85.0,1,1,1,1,1,0,1,50.3,20,0,0,0,0,0,1,0,0,0,0,81.9,1.02,14,0,89.9,Low
BID00345,MSME,0,1,1,1,100.0,1,1,0,0,1,0,1,23.8,20,1,1,0,0,0,1,0,0,0,0,92.5,1.16,13,2,79.8,Medium
BID00346,Large Enterprise,1,0,1,1,100.0,0,1,0,1,1,0,1,74.6,30,0,0,0,0,1,1,0,0,1,0,77.5,1.18,24,0,85.6,Medium
BID00347,Large Enterprise,1,0,1,1,83.3,1,1,0,1,1,0,1,38.7,20,0,0,0,0,0,1,0,0,1,0,77.5,0.99,2,0,88.5,Low
BID00348,MSME,1,0,1,1,79.2,1,1,0,0,1,1,1,52.5,20,0,0,0,0,0,1,0,0,1,0,88.3,1.37,23,0,88.2,Low
BID00349,MSME,1,0,1,1,84.2,1,1,0,1,1,0,1,92.0,50,0,0,0,0,0,1,0,0,1,0,91.2,0.7,18,0,91.5,Low
BID00350,Large Enterprise,1,0,1,1,90.1,1,1,0,0,1,1,0,67.7,20,0,0,1,1,1,1,0,0,1,0,87.4,1.41,5,0,86.5,Medium
BID00351,Startup,0,1,1,1,98.4,1,0,0,1,1,0,1,14.3,20,0,0,0,0,0,1,0,0,0,0,86.5,1.26,1,0,82.1,Medium
BID00352,NSIC Registered,1,0,1,1,85.1,1,1,0,1,1,1,1,10.8,20,1,0,0,0,0,1,0,0,1,0,79.2,1.54,8,0,76.3,Medium
BID00353,Large Enterprise,1,0,0,0,94.3,1,1,1,0,1,0,1,53.4,30,0,0,0,0,0,1,0,0,3,0,85.2,0.62,12,1,64.9,High
BID00354,MSME,0,1,1,1,100.0,1,1,0,1,1,0,1,24.7,50,0,0,0,0,0,1,0,0,1,0,56.4,0.91,17,0,78.4,Medium
BID00355,MSME,1,1,1,1,90.7,1,1,0,0,1,1,0,71.2,50,0,0,0,0,0,1,0,0,1,0,100.0,1.12,11,0,86.7,Medium
BID00356,Large Enterprise,1,0,1,1,89.7,1,1,0,1,1,1,1,56.1,30,0,0,0,0,0,1,0,0,1,0,86.9,1.06,20,0,92.9,Low
BID00357,MSME,1,0,1,1,62.2,1,1,0,0,1,0,1,59.1,30,0,0,0,0,0,1,0,0,0,0,100.0,0.89,21,0,96.3,Low
BID00358,Large Enterprise,1,0,1,1,45.5,1,1,0,0,1,1,1,37.3,50,0,0,0,0,1,1,0,0,2,0,100.0,1.08,3,0,88.4,Low
BID00359,OEM,1,0,1,1,90.8,1,1,0,1,1,0,1,98.5,20,0,0,0,0,1,1,0,0,0,0,75.2,1.31,22,0,89.8,Low
BID00360,Large Enterprise,0,1,1,1,83.6,1,1,0,0,1,0,1,100.0,50,0,0,0,0,0,1,0,0,1,0,80.6,1.04,6,0,85.1,Medium
BID00361,MSME,1,0,1,1,77.3,1,1,0,0,1,1,1,48.0,30,0,0,0,0,0,1,1,0,1,0,71.8,0.66,11,0,63.0,High
BID00362,Large Enterprise,1,0,1,1,88.7,1,1,0,1,1,1,1,63.8,20,1,0,0,0,0,1,0,0,2,0,77.0,1.51,22,1,75.8,Medium
BID00363,Startup,1,0,1,1,84.1,1,1,0,1,1,0,1,57.4,50,0,0,0,0,0,1,0,0,1,0,66.2,0.76,10,0,90.5,Low
BID00364,Startup,1,0,1,1,100.0,1,1,0,1,1,1,1,48.5,20,0,0,0,0,0,1,0,0,0,1,73.9,0.7,6,1,82.0,Medium
BID00365,OEM,1,0,1,1,86.3,1,1,0,1,1,1,1,34.2,20,0,0,0,0,0,1,0,0,1,0,72.6,0.82,9,0,91.7,Low
BID00366,MSME,1,1,1,1,73.8,1,1,0,1,0,0,1,27.9,30,0,0,0,0,0,1,0,0,2,0,95.6,0.85,8,1,85.5,Medium
BID00367,OEM,1,0,1,1,99.9,1,1,0,1,1,0,1,26.6,50,1,1,1,1,1,1,0,0,0,0,65.6,1.07,1,0,89.3,Low
BID00368,OEM,1,0,1,1,81.7,1,0,0,1,1,1,1,65.1,30,0,0,1,1,0,1,0,0,1,0,100.0,1.65,4,0,84.7,Medium
BID00369,MSME,1,0,1,1,92.9,1,1,0,0,1,1,1,42.0,50,0,0,0,0,1,1,0,0,1,0,81.1,0.78,9,0,89.6,Low
BID00370,MSME,1,0,1,1,77.8,1,1,0,1,1,0,1,0.0,50,0,0,0,0,0,1,0,0,1,0,100.0,1.27,24,0,88.2,Low
BID00371,MSME,1,0,0,0,75.3,1,1,0,0,1,0,1,66.1,20,0,0,0,0,0,1,0,0,1,0,73.4,1.49,13,0,83.8,Medium
BID00372,MSME,1,0,1,1,86.3,1,1,0,1,1,0,1,54.0,20,0,0,0,0,1,1,0,0,0,0,94.3,0.89,15,0,93.8,Low
BID00373,MSME,1,0,1,1,85.2,1,1,0,1,1,1,1,88.7,20,0,0,0,0,0,1,1,0,0,0,67.4,0.98,1,0,67.9,High
BID00374,Large Enterprise,0,1,1,1,92.2,1,1,0,0,1,0,1,64.3,30,0,0,0,0,0,1,0,0,2,0,67.3,1.08,18,0,85.5,Medium
BID00375,MSME,1,0,1,1,81.0,1,1,0,1,1,0,1,18.0,20,1,1,0,0,0,1,0,0,4,0,98.1,0.89,22,0,85.8,Medium
BID00376,MSME,1,0,1,1,57.5,1,1,1,1,1,0,1,0.0,30,0,0,0,0,0,1,0,0,0,0,83.5,0.55,8,0,77.8,Medium
BID00377,NSIC Registered,1,0,1,1,78.5,1,1,0,1,1,0,1,37.0,20,0,0,0,0,0,1,0,0,3,0,82.6,1.34,13,0,86.0,Medium
BID00378,MSME,1,0,1,1,96.9,1,1,0,1,1,1,1,39.4,30,0,0,0,0,0,1,0,0,2,0,73.0,1.04,14,0,89.9,Low
BID00379,NSIC Registered,1,0,1,1,80.5,1,0,0,1,0,0,1,78.6,50,0,0,0,0,0,1,0,0,1,0,74.5,0.86,18,0,81.7,Medium
BID00380,MSME,1,0,1,1,81.3,1,1,0,0,1,1,1,54.8,30,0,0,0,0,0,1,0,0,4,0,65.8,0.99,7,1,77.4,Medium
BID00381,MSME,1,0,1,1,99.8,1,1,0,1,1,1,1,83.3,30,0,0,0,0,0,1,0,0,0,0,78.7,0.92,14,0,95.2,Low
BID00382,Large Enterprise,1,0,1,1,74.3,1,1,0,0,1,0,1,21.9,30,0,0,0,0,0,1,0,0,3,1,88.1,1.15,7,0,75.9,Medium
BID00383,Large Enterprise,1,1,1,1,61.9,1,1,0,0,1,0,1,79.1,50,0,0,0,0,0,1,0,0,2,1,86.0,0.78,3,0,77.1,Medium
BID00384,NSIC Registered,1,0,1,1,82.6,1,1,1,1,1,0,1,73.0,30,0,0,0,0,0,1,0,0,0,0,86.1,0.91,5,0,88.1,Low
BID00385,Large Enterprise,0,1,1,1,77.7,1,1,0,1,1,0,1,4.5,50,0,0,0,0,1,1,0,0,4,0,60.4,1.04,10,0,64.4,High
BID00386,NSIC Registered,1,0,1,1,70.5,0,1,0,0,1,1,0,88.1,20,1,1,0,0,0,1,0,1,1,0,87.4,0.51,11,0,49.1,High
BID00387,MSME,1,1,1,0,82.4,1,1,0,0,1,0,1,57.3,20,1,1,1,1,0,1,0,0,1,0,81.2,0.94,23,0,80.8,Medium
BID00388,MSME,1,0,1,1,92.4,1,1,0,1,1,1,1,64.8,50,0,0,0,0,0,1,1,0,2,0,75.6,0.83,8,1,60.5,High
BID00389,Large Enterprise,1,1,1,1,84.9,1,1,0,1,1,0,1,33.4,30,0,0,0,0,0,1,0,0,0,0,70.2,1.15,17,1,86.8,Medium
BID00390,NSIC Registered,1,1,1,1,89.6,1,1,0,1,1,1,1,86.9,20,0,0,0,0,1,1,1,0,2,0,93.0,1.06,16,0,65.4,High
BID00391,OEM,1,0,1,1,100.0,1,0,1,1,1,0,1,25.4,30,1,1,0,0,0,1,0,0,1,0,59.5,1.32,20,0,71.5,Medium
BID00392,Startup,0,1,1,1,79.9,1,1,0,1,1,1,1,75.8,30,0,0,0,0,0,1,0,0,1,0,70.2,0.5,2,1,70.8,Medium
BID00393,MSME,1,0,1,1,89.2,1,1,1,0,1,0,1,75.5,50,0,0,0,0,0,1,0,0,2,0,86.8,0.85,12,0,79.7,Medium
BID00394,Large Enterprise,1,0,1,1,77.4,1,1,0,1,1,0,1,30.6,20,0,0,1,1,1,0,0,0,1,0,78.8,1.05,5,0,89.7,Low
BID00395,MSME,1,0,1,1,72.3,1,1,0,0,1,1,1,100.0,50,0,0,1,1,1,0,0,0,0,0,89.5,1.32,13,0,84.6,Medium
BID00396,OEM,1,0,1,1,76.2,1,1,0,0,1,0,1,60.8,50,0,0,0,0,0,1,0,0,1,0,86.2,0.72,0,0,86.3,Medium
BID00397,NSIC Registered,1,0,1,1,77.8,1,1,0,1,1,0,1,71.3,50,0,0,0,0,1,1,0,0,2,0,76.8,0.8,3,0,90.6,Low
BID00398,Startup,1,0,1,1,90.4,1,0,0,1,1,0,1,16.8,50,0,0,0,0,0,1,0,0,3,0,64.7,1.33,21,1,67.6,High
BID00399,Large Enterprise,1,1,1,1,100.0,1,0,0,0,1,0,1,100.0,30,0,0,0,0,1,0,0,0,0,0,94.0,1.58,17,0,80.4,Medium
BID00400,Large Enterprise,0,1,1,1,74.3,1,1,0,0,1,1,1,24.4,20,0,0,0,0,0,1,0,0,1,0,82.9,1.43,10,0,76.8,Medium
BID00401,MSME,1,0,1,1,78.8,1,0,0,0,1,1,1,80.6,20,0,0,0,0,0,1,0,0,1,0,69.2,1.43,10,1,83.0,Medium
BID00402,OEM,1,1,1,1,84.1,1,1,0,1,1,1,1,30.1,20,1,1,0,0,0,1,0,0,1,0,59.8,1.11,7,0,87.4,Low
BID00403,Startup,1,1,1,1,90.9,1,1,1,1,0,1,1,39.5,30,0,0,0,0,0,1,0,0,1,0,89.0,1.03,3,1,78.1,Medium
BID00404,NSIC Registered,1,1,1,1,89.0,1,0,0,1,0,1,1,74.7,30,0,0,0,0,0,1,0,0,3,0,77.4,1.48,1,1,67.7,High
BID00405,MSME,1,0,1,1,100.0,1,1,0,1,1,0,1,80.7,50,0,0,0,0,1,1,0,0,0,0,71.3,0.92,0,0,94.1,Low
BID00406,NSIC Registered,1,1,1,1,48.6,1,0,0,0,1,1,1,23.2,50,0,0,1,0,0,1,0,0,1,0,99.1,0.75,23,0,71.4,Medium
BID00407,MSME,1,0,1,1,49.2,1,1,0,1,1,1,1,82.3,50,0,0,0,0,0,1,1,0,2,1,62.5,1.07,9,0,51.8,High
BID00408,MSME,1,0,1,1,77.6,1,1,0,0,1,1,1,81.1,50,1,0,0,0,1,1,0,0,1,1,82.0,0.91,16,0,80.1,Medium
BID00409,OEM,1,0,1,0,100.0,1,1,0,1,1,0,1,31.6,20,1,0,1,1,1,1,0,0,0,0,93.7,0.81,6,0,86.5,Medium
BID00410,MSME,1,0,1,1,61.5,1,0,0,0,1,0,1,95.0,50,0,0,0,0,1,1,0,0,1,0,90.9,1.21,6,0,84.2,Medium
BID00411,MSME,0,1,1,1,39.9,1,1,0,0,1,1,1,18.6,30,0,0,0,0,0,1,0,0,1,0,69.4,0.94,12,1,76.8,Medium
BID00412,OEM,1,0,1,1,93.6,1,1,0,1,1,0,1,39.4,30,0,0,0,0,0,1,0,0,2,0,100.0,1.05,21,0,94.6,Low
BID00413,OEM,1,0,1,0,88.7,1,1,0,0,1,1,0,67.0,30,0,0,0,0,1,1,1,0,2,0,100.0,1.14,23,1,56.5,High
BID00414,Large Enterprise,1,0,1,1,68.6,1,1,0,1,1,0,1,33.7,50,0,0,0,0,1,1,0,0,0,0,97.3,0.56,0,0,90.2,Low
BID00415,Large Enterprise,1,0,1,1,70.2,1,1,0,1,1,0,1,61.6,20,0,0,0,0,0,1,0,0,0,0,74.6,1.31,0,1,87.6,Low
BID00416,Startup,1,0,1,1,70.5,1,1,0,0,1,1,1,61.0,20,0,0,1,0,0,1,0,0,1,0,82.3,1.58,12,0,75.9,Medium
BID00417,MSME,0,1,1,0,86.7,1,1,0,0,1,0,1,50.3,50,0,0,0,0,0,1,0,0,1,0,100.0,1.32,0,0,79.8,Medium
BID00418,MSME,1,0,1,1,75.6,1,1,0,1,1,0,1,75.8,50,0,0,0,0,0,1,1,0,0,1,90.3,0.2,5,0,52.1,High
BID00419,Large Enterprise,1,0,1,1,92.4,1,1,0,1,0,1,1,49.3,30,0,0,0,0,0,1,0,0,1,0,77.3,1.06,22,2,86.5,Medium
BID00420,Large Enterprise,1,0,1,0,42.2,1,1,0,0,1,0,1,60.8,30,0,0,0,0,0,1,0,0,1,0,82.4,0.54,24,1,75.1,Medium
BID00421,Large Enterprise,1,1,1,1,72.1,1,1,0,0,1,1,1,83.7,20,1,1,0,0,0,1,0,0,1,0,66.7,1.3,9,0,84.1,Medium
BID00422,Large Enterprise,1,0,1,1,68.1,1,1,0,1,1,1,0,74.8,30,0,0,1,1,1,0,0,0,1,0,98.8,1.3,20,2,72.4,Medium
BID00423,MSME,1,0,1,1,81.2,1,0,0,0,1,1,1,74.7,30,0,0,0,0,0,1,0,0,3,1,83.8,1.09,0,0,77.1,Medium
BID00424,Startup,0,1,1,1,76.9,1,1,0,1,1,1,1,26.3,50,0,0,0,0,0,1,0,0,1,0,100.0,0.34,24,0,77.7,Medium
BID00425,MSME,1,0,1,1,97.0,1,1,0,1,0,1,1,68.1,20,0,0,0,0,0,1,1,0,1,1,63.1,1.0,4,0,59.4,High
BID00426,Startup,1,0,1,0,57.1,1,1,0,1,1,0,1,33.0,50,0,0,0,0,0,1,0,0,0,0,73.3,0.72,21,0,78.9,Medium
BID00427,Startup,1,0,1,1,85.7,1,1,0,1,1,1,1,23.0,20,0,0,0,0,0,1,0,0,2,0,84.4,1.03,24,0,92.8,Low
BID00428,NSIC Registered,1,0,1,1,93.4,1,1,0,0,1,1,1,53.2,50,0,0,0,0,0,1,0,0,1,0,100.0,1.0,1,0,94.1,Low
BID00429,MSME,1,0,1,0,100.0,1,1,0,1,1,0,1,32.4,20,0,0,0,0,0,1,0,0,0,1,85.9,1.26,2,1,76.8,Medium
BID00430,MSME,1,0,1,1,77.8,1,1,0,0,1,0,1,74.8,30,0,0,0,0,0,1,0,0,0,0,75.9,0.96,22,0,91.2,Low
BID00431,MSME,1,0,1,1,89.9,1,1,0,1,1,0,1,75.4,20,0,0,0,0,0,1,0,0,0,0,85.2,1.42,2,1,92.0,Low
BID00432,Large Enterprise,1,0,1,1,57.9,1,1,0,0,1,0,1,7.4,20,1,1,1,1,0,1,0,0,0,0,76.9,1.1,17,1,85.7,Medium
BID00433,Large Enterprise,1,0,1,1,49.1,1,1,0,0,1,0,1,34.3,50,0,0,0,0,1,1,0,0,2,0,96.4,0.87,22,0,84.5,Medium
BID00434,MSME,1,0,0,0,97.7,1,1,0,0,1,0,1,18.5,20,0,0,0,0,0,1,0,0,3,1,95.3,0.98,7,0,77.9,Medium
BID00435,MSME,0,1,1,1,84.9,1,1,0,0,1,0,1,43.4,20,0,0,1,1,0,1,0,0,0,0,100.0,1.32,8,0,83.8,Medium
BID00436,Large Enterprise,1,1,0,0,100.0,1,1,0,1,1,0,1,66.4,20,1,1,0,0,0,1,0,0,2,0,65.3,1.36,1,0,75.0,Medium
BID00437,MSME,1,1,0,0,64.4,1,0,0,0,1,1,1,48.9,50,1,1,0,0,1,0,0,0,1,0,63.3,0.33,1,0,57.0,High
BID00438,NSIC Registered,1,0,1,1,92.8,1,1,0,0,1,1,1,40.3,20,0,0,1,0,0,1,0,0,1,0,82.2,0.7,15,0,84.5,Medium
BID00439,Large Enterprise,0,1,1,0,100.0,1,1,0,1,1,0,1,87.5,50,0,0,0,0,1,0,0,0,2,0,94.8,0.84,6,0,66.3,High
BID00440,MSME,0,1,1,1,91.3,1,1,0,0,1,1,1,0.0,30,0,0,0,0,0,1,0,0,0,0,97.3,1.35,3,0,76.3,Medium
BID00441,MSME,1,0,1,1,89.1,1,0,0,1,1,1,1,85.9,50,0,0,0,0,0,1,0,0,2,0,87.9,1.31,4,3,76.8,Medium
BID00442,OEM,1,0,1,1,85.1,1,1,0,1,1,0,1,41.4,20,1,1,0,0,0,1,0,0,2,0,94.8,1.25,0,0,94.1,Low
BID00443,MSME,1,1,1,1,61.4,1,1,1,0,1,0,1,53.0,30,0,0,0,0,1,0,0,0,1,0,100.0,1.28,21,0,67.0,High
BID00444,MSME,1,1,1,1,100.0,1,1,0,1,1,1,1,41.8,20,0,0,0,0,0,1,0,0,0,0,75.5,1.43,9,1,84.3,Medium
BID00445,NSIC Registered,1,0,1,1,75.8,1,0,0,0,1,0,1,93.6,50,0,0,0,0,1,0,1,0,2,0,100.0,1.14,12,0,53.3,High
BID00446,OEM,1,0,1,1,92.6,1,1,0,1,1,0,1,24.2,30,0,0,0,0,0,1,0,0,1,1,100.0,1.27,23,0,86.3,Medium
BID00447,OEM,1,0,1,0,61.6,1,1,0,1,1,0,1,55.3,30,0,0,0,0,0,1,0,0,0,0,78.4,1.11,14,0,84.8,Medium
BID00448,Large Enterprise,1,0,1,1,67.3,1,1,0,1,0,0,1,68.2,30,0,0,0,0,0,1,0,1,3,0,73.6,1.26,0,0,49.9,High
BID00449,MSME,1,0,1,1,100.0,1,1,0,1,1,0,1,14.7,20,0,0,0,0,0,1,0,0,1,0,94.1,0.88,17,1,89.5,Low
BID00450,MSME,1,0,1,1,79.8,1,1,0,0,1,0,1,32.0,30,0,0,0,0,0,1,0,0,2,0,100.0,0.78,22,0,92.3,Low
BID00451,Large Enterprise,1,0,1,1,100.0,0,1,0,1,1,1,1,51.3,30,0,0,0,0,0,1,0,0,3,1,74.9,0.84,13,0,69.1,High
BID00452,Large Enterprise,1,0,1,1,83.8,1,1,0,1,1,0,1,32.8,30,0,0,0,0,0,1,0,0,3,0,100.0,0.93,17,0,89.6,Low
BID00453,Startup,1,0,1,1,57.4,1,1,0,1,1,0,1,34.6,30,0,0,0,0,0,1,0,0,2,0,73.5,1.2,24,0,83.5,Medium
BID00454,OEM,1,1,1,1,98.4,1,1,0,1,1,0,1,46.3,50,1,1,0,0,0,1,0,0,0,0,82.4,1.41,21,1,84.2,Medium
BID00455,MSME,1,0,1,1,76.2,1,1,1,0,1,0,1,71.2,20,0,0,0,0,1,1,0,0,1,0,71.4,0.85,11,0,74.6,Medium
BID00456,Startup,0,1,1,1,95.5,1,1,0,1,1,1,1,46.4,20,1,0,0,0,0,1,0,0,1,0,90.2,1.63,11,0,74.8,Medium
BID00457,MSME,1,0,1,1,85.4,1,1,0,0,1,0,1,82.0,30,1,1,0,0,0,1,0,0,0,0,86.6,0.94,4,0,96.4,Low
BID00458,Startup,1,0,1,1,61.9,1,1,0,0,1,1,1,30.1,50,0,0,1,0,0,1,0,0,2,0,85.6,1.0,6,0,75.2,Medium
BID00459,MSME,1,0,1,0,87.5,1,1,0,0,1,1,1,23.7,30,0,0,0,0,0,1,0,0,1,1,77.5,1.07,23,1,70.9,Medium
BID00460,MSME,1,0,0,0,100.0,1,1,0,0,1,1,1,100.0,20,0,0,0,0,0,1,1,0,0,0,79.9,0.84,12,2,56.0,High
BID00461,MSME,1,0,1,1,92.4,1,1,0,1,1,1,1,38.6,20,0,0,0,0,0,1,0,0,3,0,84.2,0.87,8,1,84.3,Medium
BID00462,Large Enterprise,1,0,1,1,84.1,1,1,0,1,0,0,1,22.2,20,1,1,0,0,0,1,0,0,5,0,81.9,0.92,5,0,82.9,Medium
BID00463,Large Enterprise,0,1,1,1,100.0,1,1,0,0,1,1,1,11.4,30,0,0,0,0,0,1,0,0,0,0,84.5,0.71,20,0,83.3,Medium
BID00464,Large Enterprise,1,0,1,1,88.2,1,1,0,0,1,1,1,81.9,30,0,0,0,0,0,1,0,1,0,0,67.0,0.8,6,0,70.3,High
BID00465,OEM,0,1,1,1,88.1,1,1,0,0,1,0,1,46.5,50,0,0,1,1,0,1,0,0,3,1,59.2,0.98,17,1,72.3,Medium
BID00466,MSME,0,1,1,1,68.6,1,1,0,0,1,1,1,48.7,50,0,0,0,0,0,1,0,0,1,0,89.2,0.9,14,0,84.8,Medium
BID00467,MSME,1,0,1,0,88.5,1,1,0,1,1,1,1,51.0,20,0,0,0,0,0,1,0,0,3,0,89.6,0.84,7,1,82.0,Medium
BID00468,NSIC Registered,0,1,0,0,100.0,1,1,1,1,0,1,1,80.3,20,0,0,0,0,0,1,0,0,0,0,87.8,1.26,19,0,67.6,High
BID00469,MSME,1,0,1,1,72.5,1,0,0,0,1,1,1,50.5,50,0,0,1,1,0,1,0,0,1,0,91.3,0.56,15,0,84.6,Medium
BID00470,OEM,1,0,1,1,100.0,1,1,0,0,1,1,1,100.0,20,0,0,0,0,0,1,0,0,1,1,79.6,1.15,16,1,80.9,Medium
BID00471,MSME,1,0,1,1,83.6,1,0,0,1,1,1,0,58.3,50,0,0,0,0,0,1,0,0,2,0,80.8,1.04,2,1,79.5,Medium
BID00472,OEM,0,1,1,1,71.7,1,1,0,0,1,0,1,81.5,30,0,0,0,0,0,1,0,0,0,0,79.3,1.07,12,1,85.5,Medium
BID00473,MSME,0,1,1,1,100.0,1,0,0,1,1,1,1,75.1,20,0,0,0,0,0,1,0,0,2,0,63.3,0.69,8,0,75.0,Medium
BID00474,NSIC Registered,1,0,1,1,80.7,1,1,0,1,0,1,1,54.1,20,0,0,0,0,0,1,0,0,0,0,91.9,0.86,19,0,93.9,Low
BID00475,Startup,1,0,1,1,96.4,1,1,0,0,1,0,1,40.3,50,1,0,0,0,0,1,0,0,1,0,94.4,1.1,14,0,84.6,Medium
BID00476,OEM,1,0,1,1,80.6,1,1,0,0,1,1,1,63.3,30,0,0,0,0,0,1,0,0,2,0,96.2,0.86,15,0,91.4,Low
BID00477,MSME,1,0,1,0,84.1,1,1,0,1,1,0,1,67.8,20,0,0,0,0,1,1,0,0,0,0,81.3,0.62,15,0,88.8,Low
BID00478,Large Enterprise,1,0,1,1,92.4,1,0,0,1,1,1,0,40.7,20,0,0,0,0,0,1,0,0,1,0,76.4,0.93,18,0,87.8,Low
BID00479,OEM,1,0,1,1,89.4,1,1,0,1,1,1,1,59.2,50,0,0,0,0,1,1,1,0,2,0,79.4,0.95,3,1,61.3,High
BID00480,Startup,1,0,1,1,55.1,1,1,0,0,1,0,1,85.9,30,0,0,0,0,0,1,0,0,0,0,78.8,1.18,18,2,84.5,Medium
BID00481,Large Enterprise,1,0,1,1,68.2,1,0,0,1,1,1,1,100.0,50,0,0,0,0,0,1,0,0,0,0,61.0,1.28,18,0,85.7,Medium
BID00482,Large Enterprise,0,1,1,1,98.9,1,1,0,0,1,1,1,76.4,30,1,1,0,0,0,1,0,0,2,0,88.6,1.03,1,0,81.9,Medium
BID00483,Startup,1,0,1,1,83.0,1,1,0,0,1,0,1,100.0,30,0,0,0,0,0,1,0,0,2,0,95.1,1.11,5,1,90.7,Low
BID00484,Large Enterprise,1,0,1,1,77.1,1,1,0,0,1,1,1,39.3,50,0,0,0,0,0,1,0,0,1,0,87.6,1.26,12,0,86.3,Medium
BID00485,Large Enterprise,1,0,1,1,64.6,1,0,1,1,1,0,1,72.5,50,0,0,0,0,1,1,0,0,0,0,85.3,0.95,14,0,80.7,Medium
BID00486,OEM,0,1,1,1,68.8,1,1,0,0,1,0,1,88.5,30,0,0,0,0,0,1,1,0,2,0,77.5,1.14,9,0,50.8,High
BID00487,MSME,0,1,1,1,54.7,1,1,0,1,1,1,1,32.6,50,0,0,1,1,0,1,0,0,2,0,94.1,0.65,21,1,72.7,Medium
BID00488,MSME,1,0,1,1,83.5,1,1,0,1,1,0,1,42.9,20,0,0,0,0,0,1,0,0,0,0,83.9,0.86,9,1,89.7,Low
BID00489,OEM,1,0,1,1,76.0,1,1,0,1,1,0,1,98.4,20,0,0,0,0,0,1,0,0,0,0,70.4,1.43,3,0,91.7,Low
BID00490,NSIC Registered,1,0,1,1,70.5,1,1,0,1,1,0,1,30.6,20,0,0,0,0,0,1,0,0,2,0,100.0,1.26,13,2,78.6,Medium
BID00491,Startup,1,0,1,1,84.0,1,0,0,0,1,0,1,21.5,20,0,0,0,0,0,1,0,0,3,0,92.8,1.21,7,0,84.0,Medium
BID00492,Large Enterprise,1,0,1,1,90.5,1,0,0,1,1,0,1,93.2,20,0,0,0,0,0,1,0,0,2,0,100.0,0.78,5,0,88.9,Low
BID00493,MSME,1,0,1,1,100.0,1,1,0,1,1,1,0,84.9,50,0,0,1,1,1,1,0,0,2,0,99.0,0.62,11,1,86.9,Medium
BID00494,MSME,1,0,1,1,62.3,1,1,0,0,1,0,1,65.8,30,0,0,0,0,0,1,0,0,1,0,77.5,0.76,7,0,88.0,Low
BID00495,Startup,1,0,1,1,100.0,1,1,1,1,1,1,1,53.9,50,1,1,0,0,1,0,0,0,0,1,81.6,1.03,5,0,73.7,Medium
BID00496,MSME,1,0,1,1,99.6,1,1,0,0,1,1,1,44.0,20,1,1,0,0,0,1,0,0,1,0,97.1,1.13,14,0,99.2,Low
BID00497,Large Enterprise,1,0,1,1,73.3,1,1,0,1,1,0,1,62.0,20,0,0,1,1,0,1,0,0,1,0,70.9,1.4,24,0,89.0,Low
BID00498,MSME,1,0,1,0,88.0,1,0,0,1,0,1,1,94.5,50,0,0,1,0,1,1,0,0,1,0,100.0,0.7,18,0,78.2,Medium
BID00499,OEM,0,1,1,1,78.1,1,1,0,0,1,0,1,61.0,50,1,1,0,0,0,1,0,0,2,0,88.9,0.86,13,1,81.1,Medium
BID00500,OEM,1,0,1,1,87.8,1,1,0,1,1,1,1,100.0,30,0,0,0,0,0,1,0,0,1,0,94.9,1.41,2,0,91.9,Low
BID00501,Large Enterprise,0,1,1,1,100.0,1,1,0,1,1,0,1,32.6,20,0,0,0,0,1,1,0,0,0,0,88.9,0.6,17,0,85.3,Medium
BID00502,Startup,1,0,1,1,94.1,1,1,0,1,1,1,0,54.5,50,0,0,1,1,1,1,0,0,1,0,85.6,1.05,9,0,91.4,Low
BID00503,MSME,1,0,1,0,92.6,1,1,0,1,1,1,0,45.7,30,1,0,0,0,1,0,0,0,2,0,81.5,0.52,13,0,63.7,High
BID00504,NSIC Registered,1,0,1,0,78.5,1,1,0,1,1,1,0,27.9,20,0,0,0,0,1,1,0,0,1,0,83.2,0.91,13,0,84.3,Medium
BID00505,Large Enterprise,1,0,1,1,62.7,1,0,0,1,0,0,1,51.2,20,0,0,0,0,1,1,0,0,3,0,53.0,1.49,21,0,68.1,High
BID00506,MSME,1,0,1,1,81.9,1,0,0,1,1,1,1,65.4,20,0,0,0,0,0,1,0,0,2,0,91.8,1.14,6,2,80.4,Medium
BID00507,OEM,1,1,0,0,100.0,1,1,0,0,1,0,1,68.1,50,1,1,0,0,0,1,0,0,1,0,100.0,1.33,6,3,75.2,Medium
BID00508,NSIC Registered,1,0,1,1,62.1,1,0,0,1,1,1,1,100.0,20,0,0,0,0,0,1,0,0,2,0,75.0,1.14,20,0,82.6,Medium
BID00509,OEM,1,0,1,1,69.2,1,1,0,1,1,1,1,66.6,20,0,0,0,0,0,1,0,0,1,0,67.4,1.13,21,0,90.4,Low
BID00510,Large Enterprise,1,0,1,1,86.9,1,1,0,1,1,1,0,83.8,30,0,0,0,0,0,1,0,0,3,0,100.0,0.59,22,0,87.0,Low
BID00511,Large Enterprise,1,0,1,0,70.2,1,1,0,0,1,1,1,56.7,50,0,0,0,0,0,1,0,0,2,0,89.5,1.52,10,0,81.7,Medium
BID00512,Startup,1,0,1,1,73.1,1,1,0,0,1,0,1,97.0,30,0,0,0,0,0,1,0,0,0,0,95.9,1.41,17,0,96.5,Low
BID00513,OEM,1,0,1,1,78.6,1,0,0,0,1,0,1,100.0,50,1,1,0,0,0,1,0,0,2,0,91.0,0.81,9,0,86.4,Medium
BID00514,NSIC Registered,1,1,1,1,64.5,1,1,0,0,1,1,1,68.3,20,0,0,0,0,0,1,0,0,2,0,73.9,1.38,14,1,76.0,Medium
BID00515,MSME,1,0,1,1,70.4,1,1,0,1,1,0,1,30.2,30,0,0,0,0,0,1,0,0,1,1,95.9,1.27,11,0,79.7,Medium
BID00516,MSME,0,1,1,1,95.6,1,1,0,1,1,0,1,41.3,50,0,0,0,0,0,1,0,0,1,0,79.1,1.16,22,0,83.7,Medium
BID00517,MSME,1,0,1,1,65.4,1,1,0,0,1,1,1,62.0,50,0,0,0,0,1,1,0,0,3,1,75.1,1.05,16,0,77.7,Medium
BID00518,NSIC Registered,1,0,1,1,61.0,1,1,0,0,1,1,1,66.4,20,0,0,0,0,0,1,0,0,2,1,92.7,0.97,21,0,77.1,Medium
BID00519,OEM,0,1,1,1,75.5,1,1,0,1,1,0,1,72.5,20,0,0,0,0,0,1,0,0,2,0,87.1,1.44,23,0,79.0,Medium
BID00520,MSME,1,0,1,0,96.0,0,1,0,1,1,1,1,66.5,30,1,1,0,0,0,1,0,0,1,0,90.0,1.03,16,1,80.8,Medium
BID00521,Large Enterprise,1,0,1,1,82.0,0,1,0,0,1,1,0,55.2,30,0,0,0,0,1,0,0,0,1,0,89.5,1.12,0,0,76.5,Medium
BID00522,MSME,1,0,1,1,78.0,1,1,0,0,1,1,1,39.1,50,0,0,0,0,1,1,0,0,1,0,95.0,1.41,5,0,89.6,Low
BID00523,OEM,1,0,1,1,85.7,1,1,0,1,1,0,1,65.0,30,0,0,0,0,0,1,0,0,0,0,100.0,1.29,20,1,94.3,Low
BID00524,NSIC Registered,1,0,1,1,58.8,1,1,1,0,1,1,0,100.0,20,1,1,0,0,1,1,0,0,1,0,87.5,0.69,14,0,78.7,Medium
BID00525,NSIC Registered,1,0,1,1,92.4,1,1,0,1,1,1,1,80.5,30,0,0,0,0,0,1,0,0,2,0,100.0,0.85,18,0,88.5,Low
BID00526,Startup,1,1,1,1,90.8,1,0,0,1,1,1,1,68.4,30,0,0,0,0,0,1,0,0,0,0,98.6,0.79,13,0,88.3,Low
BID00527,Startup,1,0,1,1,78.9,1,1,0,1,0,1,1,80.7,50,0,0,0,0,0,1,0,0,1,0,93.9,1.11,9,1,81.5,Medium
BID00528,MSME,0,1,1,1,100.0,1,1,0,1,0,1,1,45.7,20,1,1,0,0,1,1,0,0,1,0,78.1,0.88,9,0,77.9,Medium
BID00529,MSME,1,0,1,1,68.1,1,1,0,1,1,0,1,42.3,50,1,1,0,0,0,1,0,0,0,1,96.8,0.9,22,0,86.2,Medium
BID00530,NSIC Registered,1,0,1,1,100.0,1,1,1,0,1,1,1,36.3,20,0,0,0,0,1,1,0,0,0,0,90.1,0.94,6,0,92.7,Low
BID00531,NSIC Registered,1,0,1,1,87.3,1,1,0,1,1,0,1,51.9,20,0,0,0,0,0,1,1,0,0,0,68.9,1.09,6,0,70.2,High
BID00532,OEM,1,0,1,0,80.0,1,1,1,1,1,1,1,44.4,50,0,0,0,0,0,1,0,0,2,0,70.8,0.93,13,0,71.9,Medium
BID00533,OEM,1,0,1,1,84.7,1,1,0,1,0,0,1,85.2,30,0,0,0,0,0,1,0,0,1,0,70.4,1.24,14,0,87.7,Low
BID00534,Large Enterprise,1,0,1,1,83.4,1,1,0,1,1,0,1,43.1,50,0,0,0,0,0,1,0,0,1,0,70.7,0.73,21,0,92.7,Low
BID00535,Large Enterprise,1,0,1,1,100.0,1,1,0,0,1,1,1,34.9,30,0,0,0,0,0,1,0,0,1,0,71.9,0.63,19,0,92.5,Low
BID00536,OEM,0,1,1,1,68.8,1,1,0,0,1,0,1,100.0,50,0,0,0,0,0,1,0,0,2,0,95.0,0.84,8,1,78.4,Medium
BID00537,NSIC Registered,1,0,1,1,73.6,1,1,0,0,1,1,1,43.7,50,1,1,0,0,1,0,0,0,0,0,86.0,0.75,14,1,78.1,Medium
BID00538,MSME,1,0,1,1,100.0,1,1,0,0,1,0,1,58.8,30,0,0,0,0,0,1,0,0,2,0,95.6,1.01,8,0,95.9,Low
BID00539,Startup,1,1,1,1,76.1,1,1,0,1,1,1,1,66.3,30,1,1,0,0,1,1,0,0,2,0,71.6,0.9,22,0,82.8,Medium
BID00540,MSME,1,0,1,1,98.5,1,1,0,1,1,0,1,26.6,30,0,0,0,0,0,1,1,0,3,0,66.5,0.68,6,1,57.2,High
BID00541,OEM,1,0,1,1,100.0,1,1,0,0,1,0,1,85.9,50,1,1,0,0,0,1,0,0,0,0,74.6,0.67,23,0,94.1,Low
BID00542,Large Enterprise,1,0,1,1,79.0,1,1,0,0,1,0,1,70.9,30,1,0,0,0,1,1,0,0,0,0,93.3,1.05,10,0,91.5,Low
BID00543,MSME,1,0,1,0,95.2,1,1,1,0,1,0,1,94.0,30,0,0,0,0,0,1,0,0,0,0,94.0,1.23,4,0,76.1,Medium
BID00544,Large Enterprise,1,0,1,1,67.7,1,1,0,0,1,1,1,38.0,30,0,0,1,1,1,1,0,0,0,0,82.3,0.82,8,0,99.7,Low
BID00545,Large Enterprise,1,0,1,1,96.3,1,1,0,0,1,0,1,57.5,20,0,0,0,0,1,0,0,0,3,0,88.9,0.98,5,1,82.6,Medium
BID00546,MSME,1,0,1,1,88.0,1,1,0,1,1,0,1,56.0,30,0,0,0,0,0,1,0,0,1,0,78.9,0.84,6,0,91.3,Low
BID00547,MSME,1,0,1,1,92.1,1,1,0,1,1,0,1,61.6,30,1,0,0,0,0,1,0,0,1,0,76.3,0.96,22,1,83.6,Medium
BID00548,Large Enterprise,1,0,1,1,75.3,1,1,0,0,1,1,1,18.6,30,1,1,0,0,1,1,0,0,2,0,89.8,1.44,24,0,87.6,Low
BID00549,Startup,1,0,1,1,60.1,1,1,0,0,1,0,1,57.8,20,0,0,0,0,0,1,0,0,1,0,93.0,1.62,22,0,86.7,Medium
BID00550,Large Enterprise,1,1,1,0,92.5,1,1,0,1,1,1,1,19.3,20,0,0,0,0,0,1,0,0,0,0,100.0,0.89,13,0,88.3,Low
BID00551,Startup,1,0,1,1,54.0,1,1,0,1,1,0,1,64.0,30,0,0,1,1,0,1,0,0,4,0,73.0,0.87,18,0,76.5,Medium
BID00552,NSIC Registered,1,0,1,1,80.2,1,1,0,1,0,1,1,1.8,30,0,0,0,0,0,1,0,0,1,0,71.5,1.11,21,0,80.1,Medium
BID00553,Large Enterprise,1,0,1,1,99.1,1,1,0,1,1,1,1,8.7,30,0,0,0,0,1,1,0,0,1,0,79.1,1.03,21,1,87.3,Low
BID00554,Large Enterprise,1,0,1,1,87.9,1,1,0,0,1,0,1,75.5,30,0,0,0,0,1,1,0,0,1,0,92.4,1.17,10,1,92.2,Low
BID00555,NSIC Registered,0,1,1,1,100.0,1,1,0,1,0,1,1,41.3,20,1,1,1,1,1,1,0,0,1,0,100.0,0.97,6,0,82.5,Medium
BID00556,Startup,1,0,1,1,100.0,1,1,0,1,1,0,1,30.3,30,0,0,0,0,1,1,0,0,1,0,86.7,0.95,5,0,95.8,Low
BID00557,MSME,0,1,1,1,75.2,1,1,0,1,1,0,1,86.8,20,0,0,0,0,1,1,0,0,2,1,74.7,1.11,3,0,73.2,Medium
BID00558,MSME,1,0,1,1,85.4,1,1,0,0,1,1,1,63.2,50,0,0,0,0,0,1,0,0,1,0,71.3,1.06,13,0,94.2,Low
BID00559,Large Enterprise,1,0,0,0,84.3,1,1,0,1,1,1,1,76.8,20,0,0,0,0,0,1,0,0,2,0,78.0,0.88,21,0,83.5,Medium
BID00560,Large Enterprise,1,0,1,1,61.3,1,1,0,1,1,0,1,50.8,50,0,0,0,0,0,1,1,0,1,0,87.8,1.03,2,2,57.4,High
BID00561,Large Enterprise,1,0,1,1,70.9,1,1,0,1,1,1,0,100.0,20,0,0,0,0,0,1,0,0,1,0,93.6,1.03,16,1,87.6,Low
BID00562,MSME,1,0,1,1,76.6,1,0,0,1,1,0,1,39.9,20,0,0,0,0,1,1,0,0,3,0,87.6,0.31,14,0,77.6,Medium
BID00563,MSME,1,0,1,1,54.5,1,1,0,1,1,0,1,98.6,20,0,0,0,0,1,1,0,1,0,0,76.4,0.99,0,0,67.8,High
BID00564,MSME,1,1,1,1,85.7,1,1,0,1,1,1,1,53.5,30,0,0,0,0,0,1,0,0,1,0,69.3,1.23,20,1,82.8,Medium
BID00565,MSME,1,0,1,0,81.3,1,1,0,0,1,1,1,13.6,20,1,0,0,0,1,1,0,1,0,0,92.9,0.89,10,1,53.8,High
BID00566,Large Enterprise,1,0,1,0,59.9,1,1,0,1,1,1,1,67.1,30,0,0,0,0,0,1,0,0,2,0,78.4,0.81,12,0,81.8,Medium
BID00567,MSME,1,0,1,1,91.1,1,1,0,1,1,0,1,62.9,20,0,0,0,0,0,1,0,0,2,0,79.4,0.81,23,0,87.2,Low
BID00568,Startup,1,0,1,1,95.7,1,1,1,0,1,1,0,28.7,20,0,0,0,0,0,1,0,0,3,0,72.8,1.08,2,1,74.4,Medium
BID00569,OEM,1,1,1,1,88.4,1,1,0,1,0,1,1,31.9,50,0,0,1,1,0,1,0,0,2,0,66.4,0.75,12,0,72.6,Medium
BID00570,MSME,1,0,1,1,80.1,1,1,0,0,1,0,1,54.4,20,0,0,0,0,1,1,0,0,1,0,100.0,1.06,17,0,94.0,Low
BID00571,Startup,1,0,1,1,93.9,1,1,0,1,1,0,1,63.7,30,0,0,0,0,0,1,0,0,2,0,77.1,1.04,23,0,89.3,Low
BID00572,Large Enterprise,1,0,0,0,95.2,1,1,0,1,1,1,1,0.0,50,0,0,0,0,0,1,0,0,0,0,61.4,0.67,8,0,79.3,Medium
BID00573,MSME,0,1,1,0,89.6,1,1,0,0,1,1,1,81.3,50,0,0,0,0,0,1,0,0,1,0,87.0,1.24,24,0,77.5,Medium
BID00574,Large Enterprise,0,1,1,1,72.6,0,1,0,0,1,0,1,42.6,20,1,1,0,0,0,1,1,0,1,0,83.2,1.31,1,0,44.6,High
BID00575,NSIC Registered,1,0,1,1,89.1,1,0,0,1,1,0,1,21.7,20,0,0,0,0,1,1,0,0,0,0,62.5,1.06,7,0,90.0,Low
BID00576,OEM,1,0,0,0,100.0,1,0,0,1,1,0,1,78.5,50,0,0,0,0,0,1,0,0,2,0,98.7,1.01,1,0,83.8,Medium
BID00577,MSME,1,0,1,1,76.1,1,1,0,1,1,0,1,54.4,30,0,0,1,1,0,1,0,0,0,0,92.9,0.87,22,0,98.5,Low
BID00578,OEM,1,0,1,1,100.0,1,1,0,0,1,0,1,85.4,20,0,0,0,0,0,1,0,0,1,0,95.1,0.88,23,0,99.3,Low
BID00579,Startup,1,0,1,1,77.1,1,0,0,0,1,0,1,65.9,50,0,0,0,0,0,1,0,0,3,0,88.2,0.89,0,0,82.9,Medium
BID00580,MSME,1,1,1,1,85.5,1,1,0,1,1,0,1,55.0,30,0,0,0,0,1,1,0,0,1,0,69.4,1.19,23,0,88.7,Low
BID00581,Startup,1,0,1,1,74.9,1,1,0,1,0,0,1,51.2,20,0,0,0,0,1,1,0,0,3,0,84.3,1.14,2,0,83.2,Medium
BID00582,OEM,0,1,1,1,88.3,0,1,0,1,1,0,1,67.1,50,0,0,0,0,0,1,0,0,0,0,79.2,0.51,16,0,76.3,Medium
BID00583,Startup,1,0,1,1,58.9,1,1,0,1,1,1,1,44.7,50,1,1,0,0,0,1,0,0,0,0,77.2,0.63,6,0,86.6,Medium
BID00584,MSME,1,0,1,1,76.8,1,1,0,1,1,1,1,33.7,20,0,0,0,0,0,1,0,0,0,0,100.0,0.79,9,0,94.3,Low
BID00585,Large Enterprise,1,0,1,1,68.6,1,1,0,1,0,0,1,70.2,30,0,0,0,0,0,1,0,0,1,0,73.1,0.88,18,0,84.9,Medium
BID00586,MSME,0,1,1,1,87.0,1,1,0,0,1,1,1,51.4,30,0,0,0,0,0,1,0,0,1,0,79.4,1.11,23,0,81.6,Medium
BID00587,MSME,1,0,1,1,99.9,1,1,0,0,1,0,1,55.8,50,1,0,0,0,0,1,1,0,0,0,85.5,0.87,8,0,62.9,High
BID00588,MSME,1,0,1,1,94.7,1,1,0,0,1,1,0,82.2,30,0,0,0,0,0,1,0,0,1,0,89.7,1.1,17,0,91.0,Low
BID00589,MSME,1,0,1,1,49.4,1,1,0,1,1,0,1,52.2,50,0,0,0,0,0,1,0,0,1,0,100.0,1.4,14,0,84.2,Medium
BID00590,MSME,1,0,1,1,100.0,1,1,0,1,0,1,1,55.4,20,1,0,0,0,1,1,0,0,2,0,83.0,0.85,16,0,84.2,Medium
BID00591,MSME,1,0,1,1,89.4,1,1,0,0,1,0,1,40.0,30,0,0,0,0,0,1,0,0,2,0,88.5,0.77,23,1,90.8,Low
BID00592,Large Enterprise,1,0,1,0,73.4,1,1,0,1,0,0,1,65.8,20,0,0,0,0,0,1,0,0,1,1,70.5,0.72,21,0,65.8,High
BID00593,MSME,1,0,1,1,87.4,0,1,0,0,1,1,1,63.7,50,0,0,0,0,1,1,0,0,1,0,91.9,0.74,16,0,87.9,Low
BID00594,MSME,1,0,1,1,87.6,1,1,0,1,1,0,1,77.5,20,1,1,0,0,0,1,1,0,0,0,100.0,1.14,18,0,78.4,Medium
BID00595,NSIC Registered,1,0,1,1,75.0,1,1,0,1,1,1,1,40.5,30,0,0,0,0,0,1,0,0,1,0,79.9,1.19,8,0,91.3,Low
BID00596,Startup,1,0,1,1,88.0,1,1,0,1,1,1,1,43.6,20,0,0,0,0,0,1,0,0,1,0,94.6,1.16,24,0,90.8,Low
BID00597,Large Enterprise,1,0,1,1,75.9,1,1,0,1,1,1,1,74.8,30,0,0,0,0,0,1,0,0,2,0,68.1,0.74,5,0,86.6,Medium
BID00598,MSME,1,0,1,1,78.9,1,1,0,0,1,1,1,61.3,30,0,0,0,0,0,1,0,0,1,0,80.9,0.9,18,1,93.3,Low
BID00599,MSME,1,0,1,1,74.7,1,1,0,1,1,0,1,32.3,30,0,0,0,0,0,1,0,0,0,0,81.5,0.9,7,0,94.9,Low
BID00600,MSME,1,0,1,1,63.5,1,1,0,1,1,1,1,87.7,30,0,0,0,0,0,1,0,0,1,0,89.2,1.43,5,0,88.7,Low
BID00601,MSME,0,1,1,0,87.2,1,1,0,1,0,0,1,12.5,30,1,0,0,0,1,1,0,0,2,0,83.3,1.07,16,0,63.5,High
BID00602,MSME,1,0,1,1,93.8,1,0,0,0,1,1,1,74.6,50,0,0,0,0,0,1,0,0,0,0,98.6,1.03,5,0,96.9,Low
BID00603,MSME,1,0,1,1,92.7,1,1,0,1,1,0,1,23.4,20,0,0,0,0,0,1,0,0,1,0,78.8,1.07,12,0,95.0,Low
BID00604,MSME,1,0,0,0,97.3,1,1,0,1,0,1,0,100.0,50,0,0,0,0,0,1,1,0,1,0,93.8,0.89,20,2,45.9,High
BID00605,MSME,1,0,1,1,89.9,1,1,0,1,1,0,1,16.4,20,0,0,0,0,1,0,0,0,1,0,86.9,1.1,23,1,84.8,Medium
BID00606,Startup,1,0,1,1,77.0,1,0,0,1,1,0,1,83.8,20,1,1,0,0,0,1,0,0,0,0,72.1,0.88,1,0,88.6,Low
BID00607,MSME,1,1,1,1,97.6,1,1,0,1,1,0,1,53.0,20,0,0,0,0,0,1,0,0,5,0,58.3,1.36,11,0,74.2,Medium
BID00608,MSME,1,0,1,1,64.6,1,1,0,0,1,1,1,45.8,50,0,0,0,0,0,1,0,0,1,0,86.8,0.78,6,0,90.9,Low
BID00609,Startup,1,0,1,1,71.5,1,1,0,1,1,0,1,59.6,30,0,0,0,0,0,1,0,0,0,0,76.8,1.05,5,0,95.7,Low
BID00610,Large Enterprise,1,0,1,1,70.5,1,1,0,1,1,1,1,70.8,30,0,0,0,0,1,0,0,0,0,0,88.3,1.17,16,0,87.3,Low
BID00611,MSME,1,0,1,1,100.0,1,1,0,0,1,1,1,32.4,50,0,0,0,0,0,1,0,0,1,0,69.9,0.98,7,1,90.9,Low
BID00612,Large Enterprise,1,0,1,1,99.1,1,1,0,1,1,1,0,34.6,30,0,0,0,0,0,1,0,0,1,0,91.4,1.03,5,0,86.8,Medium
BID00613,Large Enterprise,1,0,1,1,92.3,0,1,1,1,1,1,1,71.2,20,1,1,0,0,0,1,0,0,1,0,100.0,0.95,18,0,81.4,Medium
BID00614,MSME,1,0,1,1,100.0,1,1,0,1,1,1,1,12.3,30,0,0,0,0,0,1,0,0,0,0,82.1,0.77,20,0,93.0,Low
BID00615,NSIC Registered,1,0,1,0,71.8,1,1,0,1,1,0,1,40.4,30,0,0,0,0,0,1,0,0,0,0,61.0,1.43,22,0,79.6,Medium
BID00616,OEM,0,1,1,1,90.2,1,1,0,0,1,1,1,100.0,30,0,0,0,0,1,0,0,0,0,0,84.3,0.91,8,0,81.6,Medium
BID00617,MSME,1,0,1,1,83.1,1,1,0,0,1,1,1,30.8,20,0,0,0,0,0,1,0,0,2,0,76.4,0.67,19,0,88.0,Low
BID00618,MSME,1,0,1,1,97.7,1,0,0,0,1,1,1,83.7,30,0,0,1,1,0,1,0,0,2,0,73.6,0.82,15,0,89.0,Low
BID00619,NSIC Registered,1,0,1,1,83.3,1,1,0,0,1,0,1,40.4,30,0,0,0,0,1,1,0,0,1,0,82.5,1.33,17,0,90.0,Low
BID00620,Large Enterprise,1,0,1,1,79.2,1,1,0,1,1,0,1,67.7,30,0,0,1,1,0,1,0,0,1,0,97.0,1.57,18,1,87.6,Low
BID00621,MSME,1,0,1,1,93.1,1,1,0,1,1,1,1,71.4,50,0,0,0,0,0,1,0,0,1,0,78.1,1.09,6,1,84.3,Medium
BID00622,MSME,1,0,1,1,98.1,1,1,0,1,1,0,1,83.2,50,0,0,0,0,0,1,0,0,2,0,93.4,1.2,7,0,92.3,Low
BID00623,MSME,1,0,1,1,75.0,1,1,0,1,1,0,1,50.0,30,0,0,1,1,1,1,0,0,2,0,82.4,1.46,20,0,91.5,Low
BID00624,Startup,1,0,1,1,84.1,1,1,0,0,1,1,1,100.0,50,0,0,0,0,0,1,0,0,3,0,83.9,0.76,18,0,83.7,Medium
BID00625,Large Enterprise,1,0,1,1,69.1,1,1,0,0,1,0,1,40.3,50,0,0,0,0,0,1,0,0,0,0,98.1,1.1,0,0,96.5,Low
BID00626,MSME,1,0,1,1,47.5,1,0,0,1,1,0,1,60.9,20,0,0,1,1,0,1,0,0,2,0,81.6,1.46,12,0,78.6,Medium
BID00627,Startup,1,1,1,1,88.0,1,1,1,1,1,0,1,61.1,50,0,0,1,1,0,1,0,1,2,0,94.2,1.21,0,0,48.2,High
BID00628,Large Enterprise,0,1,1,1,94.1,1,1,0,1,1,1,1,27.0,50,0,0,0,0,1,1,0,0,1,0,82.3,0.93,10,0,81.7,Medium
BID00629,MSME,1,0,1,1,88.9,1,1,0,1,0,1,1,47.9,30,0,0,0,0,0,1,0,0,2,0,91.7,1.09,1,0,87.7,Low
BID00630,MSME,1,0,1,1,55.8,1,1,0,1,1,1,1,59.0,20,0,0,0,0,0,1,0,0,1,1,81.8,1.47,20,0,75.9,Medium
BID00631,Large Enterprise,0,1,1,1,79.7,1,1,0,1,1,0,1,44.2,20,0,0,0,0,0,1,0,0,2,0,87.1,1.04,2,1,75.3,Medium
BID00632,NSIC Registered,1,0,1,1,51.7,1,1,0,0,1,0,1,100.0,20,0,0,0,0,0,1,1,0,1,1,88.1,0.77,12,0,55.5,High
BID00633,Startup,1,0,1,1,100.0,1,1,0,0,1,1,1,34.0,50,1,1,0,0,0,1,0,0,1,0,93.1,1.15,6,0,86.7,Medium
BID00634,Startup,1,0,1,1,68.7,1,1,0,1,1,1,0,84.5,30,0,0,1,1,0,1,0,0,1,0,90.8,0.77,1,1,88.3,Low
BID00635,MSME,1,0,1,1,100.0,1,1,0,1,1,0,1,76.4,20,0,0,0,0,0,1,0,0,1,0,74.9,0.82,1,0,94.7,Low
BID00636,Startup,1,0,1,1,99.2,1,1,0,1,1,0,1,54.7,20,1,0,0,0,0,1,0,0,1,0,100.0,0.88,2,0,92.2,Low
BID00637,Startup,1,0,1,1,71.5,1,1,0,0,1,0,1,33.4,50,0,0,0,0,0,1,0,0,2,0,85.3,1.0,12,0,84.1,Medium
BID00638,MSME,1,1,1,1,68.0,1,1,0,0,1,0,1,35.8,20,0,0,0,0,0,1,0,0,3,0,96.0,0.79,11,0,82.7,Medium
BID00639,MSME,0,1,1,1,90.3,1,1,0,0,1,0,1,42.1,30,0,0,0,0,0,1,0,0,0,0,56.3,1.1,0,0,85.7,Medium
BID00640,MSME,1,0,1,0,72.3,1,1,1,1,0,1,1,10.4,20,0,0,0,0,1,1,0,0,0,0,94.6,0.91,17,0,76.0,Medium
BID00641,MSME,1,0,1,1,86.5,1,1,0,0,1,1,0,29.9,30,0,0,0,0,0,1,0,0,0,0,94.2,1.2,4,1,92.7,Low
BID00642,MSME,1,1,1,1,77.8,1,1,1,1,1,1,1,17.9,30,0,0,0,0,1,1,0,0,0,1,87.8,1.01,18,0,71.7,Medium
BID00643,MSME,1,0,1,0,58.3,1,1,0,1,1,0,1,88.6,30,0,0,0,0,0,1,0,0,2,0,57.9,0.96,9,1,76.1,Medium
BID00644,MSME,1,0,1,1,51.5,1,1,0,1,1,1,1,70.5,50,0,0,0,0,0,1,0,1,0,0,76.3,0.97,5,0,63.3,High
BID00645,MSME,0,1,1,1,88.4,1,1,0,1,1,1,1,74.6,50,0,0,0,0,1,1,0,0,1,1,72.7,1.36,17,0,76.7,Medium
BID00646,NSIC Registered,1,0,1,1,76.6,1,1,0,0,1,1,1,69.7,30,0,0,0,0,0,1,0,0,1,0,99.0,1.22,14,1,88.5,Low
BID00647,Large Enterprise,1,0,1,1,76.7,1,1,0,1,1,1,0,59.2,30,0,0,0,0,0,1,0,0,3,0,70.6,0.64,13,0,78.8,Medium
BID00648,Large Enterprise,1,0,1,1,95.4,1,1,0,1,1,0,1,91.5,20,0,0,0,0,1,1,0,0,0,0,91.6,0.88,23,1,95.6,Low
BID00649,Large Enterprise,0,1,1,1,100.0,1,1,0,1,1,1,1,39.7,20,1,1,1,1,0,1,0,0,3,0,81.5,1.02,15,0,82.6,Medium
BID00650,Startup,1,0,0,0,80.9,1,1,0,1,1,1,1,57.7,20,1,1,0,0,0,1,0,0,0,0,98.0,0.46,3,1,82.6,Medium
BID00651,MSME,1,0,1,1,79.9,1,1,0,1,1,0,1,73.7,50,0,0,0,0,0,1,0,0,1,0,87.7,1.11,18,0,92.9,Low
BID00652,Startup,1,0,1,1,92.5,1,1,0,1,0,1,1,22.0,20,0,0,0,0,0,1,0,0,1,0,77.3,0.79,20,1,86.2,Medium
BID00653,Large Enterprise,0,1,1,1,64.6,1,1,0,1,1,0,1,100.0,30,0,0,1,0,1,1,0,0,0,0,75.7,0.82,7,1,73.4,Medium
BID00654,Large Enterprise,1,0,1,1,88.3,1,1,0,1,1,0,1,55.7,30,0,0,0,0,1,0,0,0,3,1,79.7,0.82,24,0,69.2,High
BID00655,Startup,0,1,1,1,93.3,1,1,0,0,1,0,1,58.5,50,0,0,1,1,0,1,1,0,1,0,47.9,1.31,0,0,53.1,High
BID00656,MSME,1,1,1,1,95.2,1,1,0,1,1,0,1,86.4,50,0,0,0,0,0,1,0,0,0,0,100.0,1.15,19,0,93.3,Low
BID00657,MSME,1,0,0,0,55.9,1,1,1,1,1,1,1,77.9,20,0,0,0,0,0,1,0,0,2,0,100.0,0.89,21,0,73.6,Medium
BID00658,MSME,1,0,1,1,73.6,1,1,0,1,1,0,1,56.0,50,0,0,0,0,0,1,0,0,0,0,85.8,0.86,21,0,87.9,Low
BID00659,Large Enterprise,1,0,1,1,71.8,1,1,0,0,1,1,1,58.3,30,0,0,0,0,0,1,0,0,1,0,96.3,1.04,12,0,93.7,Low
BID00660,Large Enterprise,1,1,1,1,86.5,1,1,0,0,1,1,1,17.4,30,0,0,0,0,0,1,0,0,1,0,84.6,1.4,8,0,82.7,Medium
BID00661,MSME,1,0,1,1,92.2,1,1,0,1,1,1,0,41.1,50,0,0,0,0,0,1,0,0,3,0,90.2,0.94,0,1,77.7,Medium
BID00662,OEM,1,0,1,1,100.0,1,1,1,1,1,1,1,67.9,30,1,1,0,0,1,1,0,0,1,1,96.8,0.53,14,0,76.5,Medium
BID00663,Large Enterprise,1,0,1,0,77.6,1,1,0,0,1,0,1,66.1,50,0,0,0,0,1,1,0,0,2,0,82.1,1.04,14,0,81.6,Medium
BID00664,MSME,1,0,1,1,77.5,0,1,0,0,1,1,1,85.5,30,1,0,0,0,0,1,0,0,0,0,94.3,1.07,13,0,82.4,Medium
BID00665,MSME,0,1,1,1,100.0,1,1,0,0,1,0,1,52.0,20,0,0,0,0,0,1,0,0,1,0,63.4,1.09,4,0,82.2,Medium
BID00666,MSME,0,1,1,1,89.4,1,1,0,0,1,1,1,20.3,50,0,0,0,0,1,1,0,0,0,0,87.6,0.99,16,0,81.0,Medium
BID00667,MSME,1,0,1,1,100.0,1,0,0,0,1,1,1,81.4,50,0,0,0,0,0,1,0,1,3,0,84.8,1.03,5,1,58.5,High
BID00668,MSME,1,1,1,1,89.3,1,1,0,1,1,0,1,90.9,50,0,0,0,0,0,1,0,0,0,0,80.9,0.75,8,0,85.2,Medium
BID00669,MSME,1,0,1,1,67.6,1,1,0,1,1,1,1,77.5,30,0,0,0,0,1,0,0,1,1,0,82.5,1.27,19,1,59.8,High
BID00670,MSME,1,0,1,1,65.0,1,1,0,0,1,0,1,50.9,20,0,0,0,0,0,1,0,0,3,0,82.1,0.87,24,0,87.4,Low
BID00671,MSME,1,0,1,0,61.7,1,0,0,0,1,1,1,81.1,50,0,0,0,0,1,1,0,1,1,0,98.3,0.94,18,0,59.9,High
BID00672,NSIC Registered,1,0,0,0,94.9,1,0,0,1,1,1,1,100.0,30,0,0,0,0,0,1,0,0,1,0,84.3,1.1,22,0,79.0,Medium
BID00673,MSME,1,0,1,1,100.0,1,1,0,0,1,1,1,57.9,50,1,1,1,1,1,1,0,0,2,0,100.0,1.05,20,0,94.7,Low
BID00674,Startup,1,0,1,1,100.0,1,1,0,1,1,0,1,22.2,30,0,0,0,0,0,1,0,0,0,0,73.7,1.39,16,0,93.7,Low
BID00675,Startup,1,0,1,0,97.6,1,1,0,1,1,1,0,40.3,20,0,0,0,0,1,1,0,0,0,1,91.7,1.33,6,0,78.8,Medium
BID00676,OEM,1,0,1,1,100.0,1,1,0,0,1,1,1,70.6,30,1,0,0,0,0,1,0,0,2,0,95.7,0.88,7,0,91.8,Low
BID00677,MSME,1,1,1,1,76.3,1,1,0,1,1,1,1,14.9,30,0,0,0,0,0,1,0,0,0,0,80.3,1.49,14,0,82.5,Medium
BID00678,MSME,1,0,1,1,67.7,1,1,0,1,0,0,1,59.2,50,0,0,0,0,0,1,0,1,0,0,70.4,1.24,5,0,58.2,High
BID00679,OEM,1,0,1,1,97.8,1,1,0,1,1,0,1,64.5,30,0,0,0,0,0,1,0,0,3,0,79.6,1.03,0,0,88.3,Low
BID00680,NSIC Registered,1,1,1,1,91.3,1,1,0,1,1,0,1,93.4,50,0,0,1,1,0,1,0,0,3,0,69.1,0.83,8,0,84.3,Medium
BID00681,NSIC Registered,1,0,1,1,86.6,1,1,0,1,0,1,1,87.8,30,0,0,0,0,1,1,0,0,2,0,75.1,0.98,6,0,81.5,Medium
BID00682,MSME,0,1,1,1,90.8,1,1,0,1,1,0,1,76.6,20,0,0,0,0,0,1,0,0,3,0,89.6,0.52,21,0,74.8,Medium
BID00683,MSME,1,0,1,1,89.8,1,1,0,1,0,0,1,0.9,30,0,0,0,0,0,1,0,1,3,0,100.0,1.14,19,1,54.9,High
BID00684,Large Enterprise,1,0,1,1,100.0,1,1,0,0,1,0,1,78.0,50,0,0,0,0,0,1,0,0,1,0,100.0,0.67,18,0,94.7,Low
BID00685,OEM,1,0,1,1,100.0,1,1,0,0,1,0,1,72.6,30,0,0,0,0,0,1,0,0,0,0,77.7,1.12,3,1,95.7,Low
BID00686,Large Enterprise,1,0,1,1,93.2,1,1,0,1,1,0,1,61.4,30,1,0,0,0,0,1,0,0,3,0,96.3,0.88,0,0,80.9,Medium
BID00687,Large Enterprise,1,0,1,1,97.7,1,1,0,0,1,1,1,11.7,20,0,0,0,0,0,1,0,0,1,0,80.6,1.03,8,0,93.9,Low
BID00688,MSME,1,0,1,1,92.7,1,1,0,1,0,0,1,35.6,50,1,1,0,0,0,1,0,0,3,0,74.6,0.85,1,0,83.0,Medium
BID00689,Large Enterprise,1,0,1,1,78.1,1,1,0,1,1,0,1,25.8,20,0,0,0,0,0,1,0,0,0,0,84.0,0.82,15,0,94.4,Low
BID00690,MSME,0,1,1,1,96.3,1,1,0,1,1,1,1,4.6,30,0,0,0,0,0,1,0,0,0,0,58.7,1.18,1,1,71.7,Medium
BID00691,MSME,1,0,1,1,64.1,1,1,0,0,1,1,1,54.9,20,0,0,0,0,0,1,0,0,2,0,64.8,0.84,2,1,79.7,Medium
BID00692,Startup,1,1,1,1,100.0,1,1,0,0,1,0,1,35.1,30,0,0,1,1,0,1,0,0,2,0,96.0,0.77,13,0,90.1,Low
BID00693,Startup,1,0,1,1,67.1,1,1,0,1,1,1,0,100.0,30,0,0,1,1,0,1,0,0,2,0,100.0,0.74,12,0,85.6,Medium
BID00694,MSME,1,0,1,1,89.3,1,1,0,1,1,0,1,50.8,20,0,0,0,0,0,1,0,0,0,0,55.1,1.21,16,1,85.2,Medium
BID00695,MSME,1,0,1,1,72.3,1,1,0,1,0,1,1,87.3,20,0,0,0,0,0,1,0,0,1,0,100.0,0.72,9,0,83.8,Medium
BID00696,Large Enterprise,1,0,1,1,93.3,1,1,0,1,1,1,1,15.8,30,0,0,0,0,0,1,0,0,0,0,98.9,1.0,2,1,97.2,Low
BID00697,MSME,1,1,1,1,84.5,1,1,0,1,1,1,1,41.7,20,0,0,0,0,0,1,0,0,2,0,80.8,1.55,3,0,81.8,Medium
BID00698,Large Enterprise,1,0,1,1,61.1,1,1,0,1,1,1,1,57.4,20,0,0,0,0,1,0,0,0,1,0,90.5,0.83,24,0,85.1,Medium
BID00699,MSME,1,0,1,1,91.3,1,1,0,0,1,1,1,32.3,30,0,0,0,0,1,1,0,0,1,0,100.0,0.8,4,0,95.9,Low
BID00700,Startup,1,0,1,1,76.3,1,1,0,1,0,1,1,44.4,50,0,0,0,0,0,1,0,0,2,1,99.7,1.27,10,1,69.6,High
BID00701,Startup,1,0,1,1,98.2,1,0,0,0,1,0,1,49.6,20,1,0,0,0,0,1,0,0,1,0,90.9,0.7,5,0,87.5,Low
BID00702,MSME,1,0,1,1,85.0,1,1,0,0,1,0,1,49.2,20,0,0,0,0,0,1,0,0,1,0,77.4,1.27,0,0,88.3,Low
BID00703,MSME,1,1,1,0,90.9,1,1,0,1,0,1,1,100.0,50,1,1,0,0,0,1,0,0,1,0,80.1,0.9,18,0,84.6,Medium
BID00704,MSME,1,0,1,1,70.6,1,1,0,0,1,0,1,64.5,20,0,0,0,0,0,1,0,0,0,0,93.4,1.23,6,0,95.9,Low
BID00705,MSME,1,0,1,1,76.2,1,0,1,0,1,0,1,67.0,30,0,0,0,0,0,1,0,0,1,0,91.5,1.11,22,0,79.2,Medium
BID00706,OEM,1,0,1,1,78.1,1,1,0,1,1,0,1,68.5,20,0,0,1,0,0,1,0,0,1,0,98.9,1.14,9,2,85.5,Medium
BID00707,MSME,0,1,1,1,97.9,1,1,0,1,1,0,1,70.3,30,0,0,0,0,1,0,0,0,1,0,67.7,0.89,11,0,71.2,Medium
BID00708,NSIC Registered,1,0,1,0,100.0,1,1,0,0,1,1,1,52.9,50,0,0,0,0,0,1,0,0,2,0,90.3,0.9,11,0,87.9,Low
BID00709,MSME,1,0,1,1,72.9,1,1,0,1,1,1,0,47.0,50,0,0,0,0,0,1,0,0,0,0,93.6,0.87,0,0,92.8,Low
BID00710,Large Enterprise,1,0,1,1,100.0,1,1,0,1,1,1,1,59.2,50,0,0,0,0,0,1,0,0,1,0,82.1,1.33,8,0,93.7,Low
BID00711,Large Enterprise,1,0,1,1,52.5,1,1,0,1,1,1,1,83.9,20,0,0,0,0,0,1,0,0,2,0,100.0,1.0,16,0,88.7,Low
BID00712,Large Enterprise,0,1,1,1,67.1,1,1,0,0,1,0,1,83.2,50,1,1,0,0,0,1,0,0,1,0,74.6,1.49,22,0,75.3,Medium
BID00713,Startup,0,1,1,1,70.6,1,1,0,0,1,1,1,49.0,20,0,0,0,0,1,1,0,0,2,1,84.3,1.06,11,0,74.2,Medium
BID00714,Startup,1,0,1,1,64.7,1,1,0,0,1,0,1,74.2,20,0,0,1,1,1,1,0,0,1,0,93.8,0.95,1,1,88.6,Low
BID00715,MSME,1,0,0,0,61.2,1,1,0,1,1,0,1,50.1,20,0,0,0,0,1,1,0,0,1,0,95.4,0.95,8,0,85.0,Medium
BID00716,OEM,1,0,1,1,91.2,1,1,1,1,1,0,1,55.8,50,0,0,0,0,0,1,0,0,2,0,82.1,0.83,11,0,84.0,Medium
BID00717,NSIC Registered,0,1,1,1,81.8,1,1,0,1,1,0,1,43.2,50,1,1,0,0,1,0,1,0,0,1,82.0,1.06,24,0,45.5,High
BID00718,OEM,1,0,1,1,90.7,1,1,0,0,1,1,1,50.5,20,0,0,0,0,1,1,0,0,1,0,93.4,0.98,24,1,93.8,Low
BID00719,MSME,1,0,1,1,95.4,1,1,0,1,1,0,1,88.5,50,0,0,0,0,0,1,0,0,2,0,90.6,0.85,3,1,92.5,Low
BID00720,Large Enterprise,1,0,1,1,89.0,1,1,0,1,1,1,1,57.3,20,0,0,0,0,0,1,1,0,1,1,86.1,0.99,21,0,60.1,High
BID00721,OEM,1,0,1,1,94.9,1,1,0,1,1,0,1,58.4,50,0,0,0,0,0,1,0,0,2,0,62.7,0.87,11,0,85.5,Medium
BID00722,MSME,1,0,1,1,84.0,1,1,0,1,1,0,1,18.8,30,0,0,0,0,0,1,0,0,1,0,86.8,1.07,17,1,87.9,Low
BID00723,MSME,1,0,1,1,67.2,1,1,0,0,1,0,1,47.3,50,0,0,0,0,0,1,0,0,0,0,100.0,1.18,2,1,98.0,Low
BID00724,Large Enterprise,1,0,1,1,100.0,1,1,1,0,1,1,1,49.0,50,0,0,0,0,1,0,0,0,0,0,92.1,0.84,21,0,82.2,Medium
BID00725,Large Enterprise,1,0,1,0,76.2,1,1,0,0,1,0,1,34.3,50,0,0,0,0,0,1,0,0,2,0,75.7,0.89,0,0,81.0,Medium
BID00726,NSIC Registered,1,0,0,0,71.0,1,1,0,1,1,1,1,55.5,20,0,0,0,0,0,1,0,0,1,0,67.5,0.77,22,0,77.0,Medium
BID00727,MSME,1,0,1,1,82.3,1,0,0,0,1,1,1,44.3,20,0,0,0,0,0,1,0,0,1,0,96.5,1.28,17,0,89.5,Low
BID00728,Large Enterprise,1,0,0,0,71.3,1,1,0,0,1,0,1,57.0,30,0,0,0,0,0,1,0,0,1,1,79.5,0.56,23,1,74.3,Medium
BID00729,MSME,1,1,1,1,78.7,1,1,1,1,0,1,1,58.0,30,0,0,0,0,0,1,0,0,1,0,100.0,0.84,20,0,76.3,Medium
BID00730,MSME,1,0,1,1,90.2,1,1,0,0,1,0,1,31.1,30,0,0,0,0,0,1,1,0,1,0,100.0,1.18,22,0,67.0,High
BID00731,MSME,1,0,1,1,90.2,1,1,1,1,0,1,1,45.0,20,0,0,0,0,0,1,0,0,1,0,83.2,0.84,7,0,78.1,Medium
BID00732,NSIC Registered,1,0,1,1,71.5,0,1,0,0,1,0,1,56.9,30,0,0,0,0,0,1,0,0,2,0,88.9,0.83,18,0,84.5,Medium
BID00733,Large Enterprise,1,1,1,0,77.7,1,1,0,0,1,1,0,84.6,30,0,0,1,1,0,1,0,0,1,0,90.4,1.17,21,0,79.9,Medium
BID00734,Startup,1,0,1,1,100.0,1,1,0,0,1,0,1,61.4,50,1,0,0,0,0,1,0,0,2,0,70.6,0.43,24,1,75.0,Medium
BID00735,MSME,1,0,1,1,92.4,1,1,0,1,1,0,1,38.5,30,0,0,1,1,0,1,0,0,1,0,100.0,1.01,3,1,93.0,Low
BID00736,NSIC Registered,1,0,1,1,100.0,1,1,1,1,1,0,1,65.0,50,1,1,0,0,1,1,0,0,0,1,91.0,0.86,22,0,74.6,Medium
BID00737,MSME,1,0,1,1,100.0,1,1,0,1,1,1,0,97.7,20,1,1,0,0,0,1,0,0,0,0,86.8,0.87,15,0,92.9,Low
BID00738,NSIC Registered,1,0,1,1,100.0,0,1,0,1,1,0,1,77.9,20,0,0,0,0,1,1,0,0,0,0,96.8,1.27,16,1,91.2,Low
BID00739,Startup,1,0,1,1,64.2,1,1,0,0,1,1,1,68.7,50,0,0,0,0,0,1,0,0,1,0,88.7,0.99,22,0,92.9,Low
BID00740,MSME,1,0,1,1,96.5,1,1,0,0,1,1,1,73.1,30,0,0,0,0,0,1,0,0,2,0,71.9,0.71,8,0,89.4,Low
BID00741,Startup,1,0,1,0,84.2,1,1,0,0,1,1,1,91.0,20,0,0,1,1,0,1,0,0,0,0,75.3,0.63,7,0,89.2,Low
BID00742,MSME,1,1,1,1,76.7,1,1,0,1,1,0,1,81.9,50,0,0,0,0,0,1,0,0,3,0,59.3,0.98,19,1,77.6,Medium
BID00743,Large Enterprise,1,0,1,1,87.5,1,1,0,0,1,1,1,69.2,20,0,0,0,0,0,1,0,0,1,0,85.8,0.66,18,0,92.1,Low
BID00744,Startup,1,0,1,1,99.2,1,1,0,0,1,0,1,81.7,20,0,0,0,0,0,1,0,0,1,0,91.6,1.3,6,0,92.9,Low
BID00745,MSME,1,0,1,1,92.5,1,1,0,0,1,0,1,28.0,30,0,0,0,0,0,1,0,0,1,0,82.8,0.72,11,1,83.3,Medium
BID00746,NSIC Registered,1,0,1,1,71.8,1,0,0,1,1,1,1,17.4,20,0,0,0,0,0,1,0,0,2,0,71.1,1.0,0,0,84.2,Medium
BID00747,MSME,1,0,1,1,96.1,1,0,0,1,1,0,1,58.9,50,0,0,0,0,1,1,0,0,2,0,79.1,0.51,23,0,80.4,Medium
BID00748,Startup,1,0,1,1,75.4,1,0,0,1,1,1,1,56.7,30,1,0,0,0,0,1,0,0,2,0,80.6,0.53,16,0,76.7,Medium
BID00749,OEM,1,0,1,1,88.3,1,1,0,0,1,0,1,41.4,50,0,0,0,0,0,1,0,0,3,0,95.4,0.95,22,2,80.7,Medium
BID00750,Large Enterprise,1,0,1,1,80.4,1,1,0,0,1,1,1,75.6,50,0,0,0,0,1,0,0,0,2,0,100.0,1.8,5,0,78.3,Medium
BID00751,MSME,1,0,1,1,81.7,1,1,0,0,1,0,1,8.4,50,0,0,0,0,0,1,0,0,2,0,52.2,0.86,23,0,76.6,Medium
BID00752,OEM,1,0,1,1,96.5,1,1,0,1,0,1,1,41.6,30,0,0,0,0,1,1,0,0,3,0,84.1,1.17,21,0,83.9,Medium
BID00753,Large Enterprise,1,0,1,1,69.4,1,0,0,1,1,1,1,42.9,20,0,0,0,0,0,1,0,0,2,0,77.8,0.88,4,0,80.1,Medium
BID00754,MSME,1,0,0,0,100.0,1,1,0,0,1,1,1,14.1,50,1,1,0,0,1,1,0,0,0,0,81.9,1.25,24,0,80.1,Medium
BID00755,MSME,0,1,1,1,57.7,1,0,0,0,1,1,1,92.4,20,0,0,0,0,0,1,0,0,1,0,95.1,0.98,19,0,79.8,Medium
BID00756,Large Enterprise,0,1,1,1,76.0,1,1,0,0,1,1,1,21.0,20,0,0,0,0,0,1,0,0,0,0,79.0,0.69,6,0,81.1,Medium
BID00757,Large Enterprise,1,1,1,1,90.6,1,0,0,0,1,1,1,40.3,50,0,0,0,0,0,1,0,0,1,0,93.2,0.94,21,0,85.6,Medium
BID00758,Startup,1,0,1,1,93.8,1,0,0,1,1,1,1,77.7,20,0,0,0,0,0,1,0,0,0,0,100.0,0.55,21,0,88.2,Low
BID00759,NSIC Registered,1,0,1,1,83.5,1,1,0,0,1,0,1,71.2,30,0,0,0,0,0,1,0,0,0,0,79.6,0.78,11,2,90.2,Low
BID00760,Large Enterprise,1,0,1,1,84.1,1,1,0,0,1,0,1,27.3,30,0,0,0,0,0,1,0,0,0,0,82.4,1.1,4,0,89.1,Low
BID00761,MSME,1,0,1,1,91.2,1,1,0,1,1,0,1,72.1,20,1,1,0,0,0,1,0,0,0,0,82.1,0.84,1,0,94.8,Low
BID00762,MSME,1,0,1,1,81.5,0,1,1,1,1,0,1,62.2,20,0,0,0,0,0,1,0,0,1,0,100.0,0.89,3,1,78.0,Medium
BID00763,MSME,1,0,1,1,100.0,1,1,0,1,1,0,1,100.0,30,0,0,0,0,1,1,0,0,2,0,79.0,1.23,16,0,87.9,Low
BID00764,Large Enterprise,1,0,1,1,97.6,1,1,0,1,1,0,1,65.1,20,0,0,0,0,1,0,0,0,0,0,100.0,0.87,24,0,88.6,Low
BID00765,MSME,1,0,1,1,98.1,1,0,0,0,1,1,1,51.5,20,0,0,0,0,0,1,0,0,1,0,84.6,1.13,24,0,92.7,Low
BID00766,Large Enterprise,1,0,1,1,70.5,1,1,0,1,1,0,1,33.6,20,0,0,0,0,0,1,0,0,2,0,87.0,0.85,7,0,90.0,Low
BID00767,Large Enterprise,1,1,1,1,83.8,1,1,0,1,1,1,0,36.4,20,0,0,0,0,1,1,0,0,6,1,94.9,1.23,19,0,62.3,High
BID00768,NSIC Registered,1,0,1,1,80.5,1,1,0,1,0,0,1,34.4,50,1,1,1,1,1,1,0,0,1,0,80.5,1.33,4,1,77.4,Medium
BID00769,MSME,1,0,1,1,69.9,1,1,0,1,1,0,1,89.3,20,0,0,0,0,0,1,0,0,2,0,96.8,0.51,16,0,87.8,Low
BID00770,NSIC Registered,1,0,1,1,90.4,1,1,0,1,1,1,1,55.4,30,0,0,0,0,0,1,0,0,1,0,81.7,0.75,19,1,89.0,Low
BID00771,MSME,1,0,1,1,76.9,1,1,0,0,1,0,1,69.1,50,1,1,0,0,0,1,0,0,3,0,72.2,0.94,3,1,85.7,Medium
BID00772,NSIC Registered,1,0,1,0,94.8,1,1,0,1,1,1,1,92.9,50,0,0,0,0,0,1,0,0,2,0,97.2,0.83,20,1,85.1,Medium
BID00773,MSME,1,0,1,1,68.9,1,1,1,1,1,1,1,0.0,30,0,0,0,0,1,1,0,0,1,0,92.3,1.21,17,1,76.8,Medium
BID00774,MSME,1,0,1,1,100.0,1,1,0,1,1,1,1,87.0,20,0,0,0,0,0,1,0,0,2,1,78.0,1.05,17,0,84.6,Medium
BID00775,Large Enterprise,1,0,1,1,71.6,1,1,0,1,0,0,1,56.4,50,0,0,0,0,0,1,0,0,1,0,98.8,0.76,17,0,85.8,Medium
BID00776,MSME,0,1,1,1,88.3,1,1,0,1,0,0,1,65.9,50,0,0,0,0,0,1,0,0,0,0,73.2,1.35,15,0,79.7,Medium
BID00777,MSME,1,0,1,1,96.9,1,1,1,1,1,0,1,34.3,20,0,0,0,0,0,1,0,0,0,0,90.1,1.35,10,0,82.3,Medium
BID00778,Large Enterprise,1,0,1,1,76.4,1,1,0,0,1,1,1,36.1,20,0,0,0,0,0,1,0,0,2,0,64.7,0.67,7,1,83.1,Medium
BID00779,Large Enterprise,0,1,1,1,97.8,1,0,0,0,1,0,1,67.2,30,0,0,0,0,0,1,0,0,2,0,80.3,0.85,11,0,82.1,Medium
BID00780,Large Enterprise,1,0,1,1,66.6,1,1,0,1,1,0,1,100.0,50,0,0,0,0,1,1,0,0,2,0,74.9,1.21,17,0,83.2,Medium
BID00781,Large Enterprise,1,0,1,1,100.0,1,1,0,1,1,1,0,80.1,20,1,1,0,0,1,1,0,0,2,0,69.9,1.23,21,1,80.5,Medium
BID00782,Startup,1,0,1,1,85.2,1,1,0,0,1,0,1,86.6,20,0,0,0,0,1,1,0,0,1,0,85.3,1.35,17,1,84.2,Medium
BID00783,MSME,1,0,1,0,76.1,1,1,0,0,1,1,1,50.2,30,0,0,0,0,0,1,0,0,1,0,89.0,1.62,7,0,82.0,Medium
BID00784,MSME,1,0,1,1,80.5,1,0,1,1,1,1,0,40.0,50,0,0,0,0,0,1,0,0,1,0,92.4,1.1,15,0,69.9,High
BID00785,MSME,1,0,1,1,97.1,1,1,0,0,1,1,1,35.5,20,0,0,0,0,0,1,0,1,5,0,85.0,1.32,16,0,58.4,High
BID00786,OEM,1,0,1,1,76.2,1,1,0,0,1,0,1,42.8,30,0,0,0,0,0,1,0,0,2,0,90.2,1.67,1,0,85.4,Medium
BID00787,Large Enterprise,1,0,0,0,73.8,1,1,0,0,1,1,1,3.7,50,0,0,0,0,0,1,0,0,0,0,71.5,1.0,20,1,73.9,Medium
BID00788,Startup,1,0,1,1,81.7,1,1,0,1,0,1,1,36.9,50,0,0,0,0,1,1,0,1,2,0,74.4,0.8,21,0,55.9,High
BID00789,Startup,1,0,1,1,67.3,1,1,0,1,0,1,1,41.0,50,0,0,0,0,1,1,0,0,3,0,84.8,1.06,14,1,76.3,Medium
BID00790,OEM,1,0,1,1,100.0,1,1,0,1,1,1,1,50.6,50,0,0,0,0,1,1,0,0,1,0,74.5,1.4,24,0,86.9,Medium
BID00791,MSME,1,0,1,1,76.5,1,1,0,0,1,1,1,58.3,30,0,0,0,0,0,1,0,0,1,0,85.1,1.45,21,0,87.8,Low
BID00792,Large Enterprise,1,1,1,1,97.5,1,1,0,0,1,1,1,64.1,20,0,0,0,0,1,1,0,0,0,0,77.2,1.04,23,0,93.6,Low
BID00793,Startup,1,1,1,1,88.1,1,1,1,1,1,0,1,54.6,50,0,0,0,0,0,1,0,0,0,0,83.1,0.96,6,0,80.1,Medium
BID00794,Large Enterprise,1,0,1,1,70.2,1,1,0,0,1,1,1,40.5,50,0,0,0,0,0,1,0,1,2,0,65.0,0.68,0,0,55.0,High
BID00795,MSME,1,0,1,1,84.9,1,1,1,0,1,0,1,5.9,20,1,0,0,0,1,1,0,0,4,0,64.5,1.02,1,2,59.1,High
BID00796,NSIC Registered,1,0,1,1,96.8,1,1,0,0,1,0,1,40.6,50,0,0,0,0,1,1,0,0,0,0,76.4,0.71,3,0,92.2,Low
BID00797,OEM,0,1,1,1,82.2,1,1,0,0,1,1,1,30.7,50,0,0,0,0,0,1,0,0,0,0,69.1,0.76,15,0,80.6,Medium
BID00798,Large Enterprise,1,0,1,1,100.0,1,1,0,0,1,1,1,66.7,20,0,0,0,0,1,0,0,0,1,0,53.5,1.06,11,1,78.8,Medium
BID00799,Large Enterprise,1,0,1,1,100.0,1,1,0,1,0,0,1,77.7,20,0,0,0,0,1,1,0,0,1,0,90.8,0.68,16,1,83.0,Medium
BID00800,OEM,1,0,1,1,98.8,1,1,0,0,1,1,1,78.5,50,1,1,0,0,0,1,0,0,0,0,96.7,1.09,23,0,95.3,Low
BID00801,Large Enterprise,1,0,1,1,78.1,1,1,0,0,1,1,1,73.9,20,0,0,0,0,0,1,0,0,0,1,95.5,1.24,3,0,86.0,Medium
BID00802,MSME,1,0,1,1,68.8,1,1,0,1,1,1,0,51.7,30,0,0,0,0,1,1,0,0,2,1,83.3,0.74,15,0,76.8,Medium
BID00803,Large Enterprise,0,1,1,1,75.8,1,0,0,1,1,0,1,42.0,30,0,0,0,0,0,1,0,0,3,0,83.0,0.85,6,1,69.7,High
BID00804,Large Enterprise,1,0,1,1,87.9,1,1,0,0,1,0,1,36.3,50,0,0,1,1,1,1,0,0,0,0,86.2,0.64,22,0,92.3,Low
BID00805,Startup,1,0,0,0,93.2,1,1,0,1,1,0,1,17.3,50,1,1,0,0,0,1,0,0,3,0,77.1,1.15,7,0,73.8,Medium
BID00806,Large Enterprise,1,0,1,1,52.4,1,1,0,0,1,0,1,79.8,20,1,1,0,0,0,1,0,0,0,0,62.9,0.63,24,1,80.0,Medium
BID00807,OEM,1,0,1,1,84.9,1,0,0,1,1,1,1,50.6,20,0,0,0,0,0,1,0,0,1,0,99.2,1.17,8,0,87.2,Low
BID00808,OEM,1,0,1,1,87.4,1,1,0,1,1,1,1,23.8,50,0,0,0,0,0,1,0,0,2,0,85.2,1.07,13,0,83.5,Medium
BID00809,Startup,1,0,1,1,80.8,1,0,0,1,1,1,1,34.3,50,1,1,0,0,0,1,0,0,1,0,84.4,1.54,22,1,78.1,Medium
BID00810,MSME,1,0,1,0,100.0,1,0,0,1,1,1,1,33.3,30,0,0,0,0,0,1,0,0,0,1,81.2,1.42,8,1,69.7,High
BID00811,OEM,1,0,1,1,91.3,1,1,0,0,1,1,1,56.1,20,0,0,0,0,1,1,0,0,2,0,92.1,0.7,14,2,85.2,Medium
BID00812,NSIC Registered,1,0,1,1,100.0,1,0,0,1,1,1,1,81.7,50,0,0,0,0,0,1,0,0,0,0,83.6,1.46,20,0,93.3,Low
BID00813,MSME,0,1,1,1,81.8,1,1,0,1,1,1,0,46.3,50,0,0,0,0,0,1,1,0,2,0,79.1,0.87,3,0,49.3,High
BID00814,OEM,1,0,1,1,99.1,1,1,0,1,1,1,1,0.0,20,0,0,0,0,0,1,0,0,1,1,81.0,0.8,2,0,82.2,Medium
BID00815,NSIC Registered,1,0,1,1,100.0,1,1,0,1,1,1,1,50.3,20,0,0,0,0,0,1,0,0,2,0,85.8,0.87,21,0,87.0,Low
BID00816,Startup,1,0,1,1,100.0,1,1,0,1,0,0,1,51.1,50,0,0,0,0,0,1,0,0,1,1,71.2,0.93,9,0,76.4,Medium
BID00817,Large Enterprise,1,0,1,1,68.6,1,1,0,0,1,0,1,49.4,50,0,0,0,0,1,0,0,1,0,0,100.0,1.54,24,0,60.8,High
BID00818,MSME,0,1,1,1,81.2,1,1,0,1,1,0,1,39.3,50,1,1,0,0,0,1,0,0,1,1,77.7,0.3,3,0,65.7,High
BID00819,MSME,1,0,1,1,79.8,1,1,0,1,0,1,1,60.4,20,0,0,0,0,1,1,0,0,1,0,75.5,1.46,17,0,88.3,Low
BID00820,MSME,1,0,1,1,92.3,1,1,0,1,1,1,1,56.7,50,0,0,0,0,1,1,0,0,1,0,80.5,1.21,10,1,87.9,Low
BID00821,NSIC Registered,0,1,1,0,95.3,1,1,0,1,0,1,1,54.4,50,0,0,0,0,1,1,1,1,0,0,95.9,1.04,18,1,23.1,High
BID00822,MSME,1,0,0,0,72.4,1,1,0,1,1,1,1,65.3,50,0,0,0,0,0,1,0,0,1,0,81.8,0.85,18,0,87.0,Medium
BID00823,MSME,0,1,1,1,86.0,1,1,0,1,1,1,1,44.3,30,0,0,1,1,1,1,0,0,2,1,99.0,0.98,17,0,76.4,Medium
BID00824,MSME,1,0,1,1,54.7,1,1,0,0,1,0,1,42.8,30,0,0,0,0,0,1,0,0,1,0,81.0,1.21,12,0,90.9,Low
BID00825,Startup,1,0,1,0,100.0,1,1,0,0,1,0,1,89.5,20,0,0,0,0,0,1,0,0,0,0,68.0,1.24,24,0,84.8,Medium
BID00826,OEM,1,0,1,1,77.3,1,1,0,0,1,1,1,69.0,50,0,0,0,0,1,1,0,0,3,0,75.0,0.79,3,0,84.2,Medium
BID00827,MSME,1,0,1,1,85.8,1,1,0,1,0,1,1,75.7,50,0,0,0,0,1,1,0,0,3,0,76.8,1.19,2,0,77.5,Medium
BID00828,MSME,0,1,1,1,80.4,1,1,0,1,1,1,1,85.7,20,0,0,0,0,1,1,0,0,0,0,92.8,0.85,15,0,91.2,Low
BID00829,Large Enterprise,1,0,1,1,100.0,1,1,0,1,1,1,1,68.1,20,0,0,0,0,0,1,0,0,2,0,79.5,0.96,13,1,90.8,Low
BID00830,Startup,1,0,1,1,42.4,1,0,0,0,1,1,1,78.2,20,0,0,0,0,1,1,0,0,1,0,70.8,1.33,9,0,82.1,Medium
BID00831,MSME,1,0,1,1,84.8,1,1,0,0,1,1,1,15.5,50,0,0,0,0,0,1,0,0,0,0,67.6,1.2,5,0,84.4,Medium
BID00832,Startup,1,0,1,1,83.4,1,0,0,1,1,1,1,60.1,30,0,0,0,0,0,1,0,0,1,0,63.0,0.6,7,0,82.5,Medium
BID00833,MSME,1,0,1,0,78.2,1,1,0,1,1,1,1,50.4,20,0,0,0,0,0,1,0,0,1,1,100.0,1.03,23,2,73.1,Medium
BID00834,MSME,0,1,1,1,100.0,1,1,0,0,1,1,1,96.9,50,0,0,0,0,0,1,0,0,2,0,76.0,1.1,15,0,83.9,Medium
BID00835,Startup,1,0,1,1,71.7,1,1,0,0,1,1,1,78.2,20,0,0,0,0,0,1,0,0,1,0,90.3,1.04,9,0,97.9,Low
BID00836,Startup,1,0,1,1,96.6,1,1,0,0,1,1,1,39.2,50,1,1,0,0,0,1,0,0,2,1,70.5,0.37,21,0,76.6,Medium
BID00837,OEM,1,0,1,1,90.3,1,1,0,0,1,0,1,64.3,20,0,0,0,0,0,1,0,0,0,0,99.7,0.66,20,1,88.8,Low
BID00838,MSME,1,1,1,1,100.0,1,1,0,0,1,1,0,59.2,50,0,0,0,0,1,0,0,0,2,0,74.7,0.56,6,0,75.2,Medium
BID00839,Large Enterprise,1,0,0,0,75.0,1,1,0,1,0,0,1,66.4,20,0,0,0,0,0,1,0,0,0,0,100.0,0.84,18,0,84.5,Medium
BID00840,Large Enterprise,1,0,1,1,74.0,1,1,0,0,1,0,1,29.5,30,0,0,0,0,0,1,0,0,0,0,100.0,1.03,17,1,93.7,Low
BID00841,MSME,0,1,1,1,100.0,1,1,0,0,1,0,1,64.0,20,0,0,0,0,1,1,0,0,3,0,71.6,0.87,12,0,78.3,Medium
BID00842,Large Enterprise,1,0,1,1,91.4,1,1,0,0,1,0,1,49.3,20,0,0,0,0,0,1,0,0,1,0,99.9,0.84,7,0,98.5,Low
BID00843,MSME,1,0,1,1,61.8,1,1,0,1,1,0,1,62.1,30,0,0,1,1,0,1,0,0,1,0,100.0,0.56,13,0,87.3,Low
BID00844,OEM,1,0,1,1,76.9,1,1,0,1,1,0,1,36.9,20,0,0,0,0,0,1,0,0,1,0,65.8,0.69,8,0,87.9,Low
BID00845,MSME,0,1,1,1,90.8,1,1,0,1,1,1,1,40.4,30,0,0,0,0,0,1,0,0,2,0,67.2,0.76,11,0,72.8,Medium
BID00846,Startup,1,0,0,0,97.6,1,1,0,1,1,1,1,84.3,50,0,0,0,0,0,1,0,0,2,0,59.9,1.22,5,0,81.7,Medium
BID00847,MSME,1,0,1,1,74.8,1,1,0,0,1,0,1,28.7,30,0,0,0,0,1,0,0,0,1,0,73.7,1.11,19,0,81.2,Medium
BID00848,OEM,1,0,1,1,41.3,1,0,0,1,1,0,1,30.6,30,0,0,0,0,0,1,0,0,0,0,72.9,1.2,21,0,85.9,Medium
BID00849,Startup,1,0,1,1,92.8,1,1,0,1,1,0,1,53.7,50,0,0,0,0,1,1,0,0,3,0,81.0,1.12,22,0,82.9,Medium
BID00850,Large Enterprise,1,0,1,1,66.7,1,1,0,0,1,0,1,35.7,30,0,0,0,0,0,1,0,0,0,0,69.7,1.21,11,0,88.9,Low
BID00851,MSME,1,0,1,1,54.7,1,1,0,1,1,0,1,32.9,30,0,0,0,0,0,1,0,0,1,0,93.3,0.66,23,0,92.1,Low
BID00852,Large Enterprise,1,0,1,1,42.5,1,1,0,1,1,0,1,57.6,50,0,0,0,0,1,0,0,0,2,1,85.4,1.33,18,0,66.1,High
BID00853,MSME,1,0,1,1,97.2,1,1,0,1,1,0,1,17.4,20,0,0,0,0,0,1,0,0,0,0,90.1,1.26,11,0,93.4,Low
BID00854,NSIC Registered,0,1,1,1,86.9,1,1,0,0,1,0,1,29.8,20,0,0,0,0,1,1,0,0,2,1,97.4,0.91,21,1,74.0,Medium
BID00855,MSME,1,0,1,1,81.6,1,1,0,1,1,0,1,100.0,30,0,0,0,0,1,1,0,0,2,0,88.2,1.24,21,0,93.3,Low
BID00856,MSME,1,0,1,1,100.0,1,1,0,0,1,0,1,66.5,20,0,0,0,0,0,1,0,0,2,1,82.3,1.3,6,0,78.7,Medium
BID00857,MSME,1,0,1,0,94.6,1,1,0,1,1,0,1,36.3,20,0,0,0,0,1,1,0,0,1,0,75.1,0.99,14,0,82.5,Medium
BID00858,Startup,1,0,1,1,100.0,1,1,0,0,1,0,1,65.5,30,0,0,1,1,0,1,0,0,0,0,95.8,1.13,15,1,92.0,Low
BID00859,Large Enterprise,1,0,1,1,64.1,1,1,0,1,1,1,1,69.2,50,0,0,0,0,1,0,0,0,2,0,88.2,0.87,3,0,79.7,Medium
BID00860,MSME,1,0,1,1,84.5,1,1,0,1,1,1,1,79.9,20,0,0,0,0,1,1,0,0,1,0,87.6,1.33,5,0,89.6,Low
BID00861,Large Enterprise,1,0,1,1,60.7,1,1,1,1,1,0,1,51.8,30,0,0,0,0,1,1,0,0,2,0,77.7,0.89,15,0,74.5,Medium
BID00862,Startup,1,0,1,1,81.6,1,1,0,1,1,0,1,79.4,50,0,0,1,0,0,1,0,0,1,0,88.6,1.08,14,1,85.6,Medium
BID00863,Startup,1,0,0,0,81.3,1,1,0,1,1,1,1,4.0,20,0,0,0,0,1,1,0,0,2,0,75.6,0.99,1,0,84.8,Medium
BID00864,Startup,1,0,1,1,94.4,1,1,0,1,1,1,1,28.6,50,1,1,0,0,0,1,0,0,3,0,88.7,0.85,23,0,82.6,Medium
BID00865,Startup,1,0,1,1,85.7,1,0,0,1,1,0,1,59.1,30,1,1,0,0,0,1,0,0,5,0,81.8,0.57,2,0,74.1,Medium
BID00866,Large Enterprise,1,0,1,0,94.4,1,1,0,1,1,0,1,63.2,50,0,0,0,0,1,1,0,0,0,0,93.6,1.22,14,0,93.6,Low
BID00867,MSME,1,0,1,1,95.6,0,1,0,1,1,0,1,32.2,50,0,0,0,0,1,1,0,0,1,0,69.1,0.99,24,0,88.6,Low
BID00868,MSME,1,0,1,1,100.0,1,1,0,1,0,0,1,61.5,30,0,0,0,0,0,1,0,0,0,0,85.6,1.46,7,0,88.9,Low
BID00869,NSIC Registered,1,0,1,1,80.3,1,1,0,0,1,1,1,39.4,20,0,0,1,1,0,1,0,0,0,0,93.4,1.3,11,1,91.5,Low
BID00870,OEM,1,0,1,1,70.9,1,1,0,0,1,1,1,48.1,20,0,0,0,0,0,1,0,1,0,1,85.9,1.3,21,0,59.2,High
BID00871,MSME,1,0,1,1,88.7,1,1,0,1,1,1,1,80.6,50,0,0,0,0,0,1,0,0,0,0,67.9,1.18,1,0,91.5,Low
BID00872,MSME,1,0,0,0,73.0,1,1,0,1,1,0,1,77.7,50,0,0,0,0,0,1,0,0,1,1,76.1,1.19,14,0,77.4,Medium
BID00873,Large Enterprise,1,0,1,1,100.0,1,1,0,0,1,1,1,30.1,50,0,0,0,0,0,1,0,0,0,0,100.0,1.04,7,0,93.9,Low
BID00874,Startup,0,1,1,1,80.8,1,1,0,1,1,0,1,28.6,50,0,0,0,0,0,1,0,0,2,0,84.2,1.21,21,2,67.9,High
BID00875,MSME,0,1,1,1,76.5,1,1,0,0,1,0,1,44.7,20,0,0,0,0,1,1,1,0,0,0,75.2,0.89,10,0,65.9,High
BID00876,MSME,0,1,1,1,77.9,1,1,0,1,1,0,1,54.3,30,0,0,0,0,1,1,0,0,0,0,100.0,0.39,16,0,83.6,Medium
BID00877,Large Enterprise,1,0,1,1,95.8,1,1,0,0,1,0,1,38.6,30,0,0,0,0,0,1,0,0,1,0,100.0,1.18,21,0,94.7,Low
BID00878,Large Enterprise,1,0,1,1,82.6,1,1,0,1,1,1,1,81.0,30,0,0,0,0,0,1,0,0,3,0,70.9,1.18,20,0,83.0,Medium
BID00879,MSME,0,1,1,0,75.4,1,1,0,0,1,0,1,63.7,50,0,0,0,0,1,1,0,0,0,0,79.0,0.67,21,0,75.3,Medium
BID00880,MSME,1,0,1,0,100.0,1,1,0,1,1,1,1,65.2,50,0,0,0,0,0,1,0,0,1,0,80.9,1.13,0,0,91.7,Low
BID00881,MSME,1,0,1,1,72.2,1,1,0,0,1,1,1,23.3,30,0,0,0,0,0,1,0,0,2,0,91.4,1.12,19,0,88.2,Low
BID00882,Large Enterprise,1,0,1,1,85.5,1,1,0,1,1,1,0,84.2,20,0,0,0,0,0,1,0,0,2,1,82.8,1.27,22,0,77.5,Medium
BID00883,MSME,1,0,1,1,94.8,1,1,0,1,1,1,1,0.0,30,0,0,0,0,1,1,0,0,0,0,86.5,0.97,14,0,88.8,Low
BID00884,MSME,0,1,1,1,60.5,1,1,1,0,1,0,1,75.9,20,0,0,0,0,0,1,0,0,1,0,83.2,0.62,20,1,69.3,High
BID00885,Large Enterprise,1,0,1,0,92.2,1,1,1,1,1,0,1,78.4,50,0,0,0,0,1,1,0,0,0,0,100.0,0.88,21,1,78.6,Medium
BID00886,MSME,1,0,1,1,69.2,1,1,0,0,1,1,1,44.2,30,0,0,0,0,1,1,0,0,0,0,91.9,0.88,1,0,92.5,Low
BID00887,Large Enterprise,1,0,1,1,97.3,1,1,0,1,1,1,1,86.8,30,0,0,0,0,1,1,0,0,1,0,81.5,0.97,23,0,92.5,Low
BID00888,MSME,1,0,1,1,70.6,1,1,0,0,1,0,1,53.4,50,0,0,0,0,0,1,0,0,2,0,81.7,1.03,9,1,86.4,Medium
BID00889,MSME,1,1,1,1,95.4,1,1,0,1,1,0,1,56.6,20,1,1,0,0,0,1,0,0,1,0,90.7,0.94,19,0,88.8,Low
BID00890,MSME,1,0,1,1,100.0,1,1,0,0,1,1,1,63.5,30,0,0,0,0,0,1,0,0,3,0,73.5,1.1,5,0,89.7,Low
BID00891,Large Enterprise,1,0,1,1,97.9,1,1,0,0,1,0,1,100.0,30,0,0,0,0,0,1,0,0,1,0,88.2,0.73,2,2,84.6,Medium
BID00892,NSIC Registered,0,1,1,1,88.8,0,1,0,1,1,0,1,88.6,20,0,0,0,0,0,1,0,0,2,0,86.9,1.09,24,1,70.6,High
BID00893,NSIC Registered,1,0,1,1,81.5,1,0,0,0,1,0,1,72.5,30,0,0,0,0,1,1,0,0,0,0,74.6,0.81,12,0,92.7,Low
BID00894,MSME,1,0,1,1,76.4,1,1,0,0,1,1,1,32.2,30,0,0,0,0,1,1,0,0,1,0,57.2,0.95,23,0,85.7,Medium
BID00895,Large Enterprise,1,1,1,1,100.0,1,0,0,1,1,0,1,58.6,50,0,0,0,0,0,1,0,0,0,0,64.2,0.54,14,0,88.0,Low
BID00896,MSME,1,0,1,1,74.5,1,1,0,0,1,0,1,34.7,20,0,0,0,0,0,1,0,0,1,0,82.2,1.24,5,0,89.3,Low
BID00897,MSME,1,0,1,1,69.4,1,1,0,1,1,0,1,75.6,30,0,0,0,0,0,1,0,0,1,0,95.9,0.92,8,1,91.1,Low
BID00898,NSIC Registered,1,0,1,1,95.0,1,0,0,0,1,0,1,58.5,30,0,0,0,0,0,1,0,0,2,0,79.6,1.08,9,1,81.1,Medium
BID00899,MSME,1,0,1,0,73.1,1,1,0,1,1,0,1,26.9,50,0,0,0,0,0,1,0,0,0,0,95.4,0.79,8,0,82.9,Medium
BID00900,MSME,1,0,1,1,70.7,1,1,0,1,1,1,1,57.0,30,0,0,0,0,0,1,0,0,1,0,80.6,0.86,17,0,86.0,Medium
BID00901,MSME,0,1,1,0,63.3,1,1,0,1,1,0,1,33.8,50,0,0,0,0,0,1,0,0,0,0,72.4,0.76,8,1,66.2,High
BID00902,MSME,1,1,1,1,77.8,1,1,0,1,0,0,1,58.8,30,0,0,0,0,0,1,0,0,1,0,69.7,1.04,23,0,82.8,Medium
BID00903,MSME,1,0,1,1,83.8,1,1,1,0,1,0,1,33.5,50,1,1,1,0,0,1,0,0,2,0,73.9,1.14,17,0,67.2,High
BID00904,Large Enterprise,1,0,1,1,88.6,1,1,0,0,1,1,1,55.7,20,1,1,0,0,0,1,0,0,3,1,86.7,0.75,8,1,76.1,Medium
BID00905,Startup,1,0,1,1,99.3,1,1,0,1,1,1,1,73.8,20,0,0,0,0,0,1,0,0,2,0,84.5,1.03,4,0,95.3,Low
BID00906,NSIC Registered,1,0,1,0,92.9,1,1,0,1,1,0,1,53.7,30,1,1,0,0,0,1,0,0,3,0,82.0,0.94,12,0,83.3,Medium
BID00907,NSIC Registered,0,1,1,1,82.1,1,1,0,0,1,0,1,45.2,30,0,0,0,0,0,1,0,0,1,0,82.5,1.05,11,0,84.7,Medium
BID00908,MSME,0,1,1,1,82.0,0,1,0,1,1,1,0,60.1,50,0,0,0,0,0,1,0,0,1,0,98.3,0.78,8,0,82.5,Medium
BID00909,MSME,1,0,1,0,92.7,1,1,0,1,1,0,1,72.4,50,0,0,0,0,0,1,0,0,2,0,100.0,1.12,18,0,82.8,Medium
BID00910,MSME,0,1,1,1,100.0,1,1,0,1,1,1,1,27.3,20,1,0,0,0,0,1,0,0,0,0,76.1,0.93,19,1,79.6,Medium
BID00911,Large Enterprise,1,0,1,1,86.9,1,1,0,1,1,0,1,61.5,30,0,0,1,1,0,1,0,0,1,0,82.7,0.97,0,0,91.1,Low
BID00912,MSME,1,0,1,1,78.0,1,1,0,1,1,0,1,87.9,50,0,0,0,0,0,1,0,0,1,0,70.3,1.59,10,0,85.2,Medium
BID00913,Large Enterprise,1,0,1,1,70.1,1,1,0,0,1,1,0,69.3,20,0,0,0,0,0,1,0,0,2,0,84.8,0.56,4,1,82.5,Medium
BID00914,Startup,0,1,1,1,63.3,1,1,0,1,1,0,1,56.4,20,0,0,0,0,1,1,0,0,1,1,81.2,1.14,6,1,70.3,High
BID00915,Large Enterprise,1,0,1,1,95.0,1,1,0,0,1,0,1,71.0,50,1,1,0,0,0,1,0,0,0,0,87.6,1.11,12,0,97.1,Low
BID00916,Startup,1,0,1,1,93.7,1,1,1,1,0,1,1,66.3,30,0,0,0,0,0,1,0,0,1,0,95.5,1.16,22,0,82.1,Medium
BID00917,MSME,1,0,1,1,93.7,1,0,0,1,1,0,1,73.8,20,0,0,0,0,0,1,0,0,4,0,70.5,1.15,5,0,80.8,Medium
BID00918,OEM,1,0,1,1,83.1,1,1,0,0,1,1,1,4.4,50,0,0,0,0,0,1,0,0,1,0,82.4,1.05,12,0,84.0,Medium
BID00919,Large Enterprise,1,0,1,1,100.0,1,1,0,1,0,0,1,16.2,20,0,0,0,0,0,1,0,0,2,0,81.7,1.1,5,1,89.3,Low
BID00920,MSME,0,1,1,1,77.7,1,1,0,1,0,1,1,80.1,30,0,0,0,0,0,1,0,0,0,1,86.9,1.67,14,0,67.9,High
BID00921,NSIC Registered,1,0,1,1,99.3,1,1,0,0,1,1,1,17.4,50,0,0,0,0,1,1,0,0,1,0,100.0,0.96,7,0,89.0,Low
BID00922,Startup,1,0,1,1,84.4,1,1,0,1,1,1,1,65.0,30,0,0,0,0,0,1,0,0,0,0,77.2,0.95,10,0,93.7,Low
BID00923,NSIC Registered,0,1,1,1,75.9,1,1,0,0,1,1,0,46.2,30,0,0,0,0,0,1,0,0,1,1,92.3,0.73,9,0,72.0,Medium
BID00924,Large Enterprise,1,0,1,1,93.9,1,1,0,1,1,0,1,30.1,20,0,0,0,0,1,1,0,0,2,1,100.0,0.79,8,0,79.3,Medium
BID00925,Startup,0,1,1,1,91.1,1,1,0,0,1,1,1,63.7,30,0,0,0,0,0,1,0,0,0,0,74.8,1.06,3,0,85.5,Medium
BID00926,MSME,1,0,1,1,90.4,1,1,0,1,1,1,0,60.0,20,0,0,1,0,0,1,0,0,0,0,86.8,1.09,13,0,88.5,Low
BID00927,MSME,1,0,1,1,86.2,1,1,0,1,1,0,1,100.0,50,0,0,0,0,0,1,0,0,2,0,86.7,0.97,3,0,94.7,Low
BID00928,Startup,1,0,1,1,84.4,1,1,0,0,1,1,1,39.4,50,0,0,0,0,1,1,0,0,1,1,69.4,1.16,23,0,84.0,Medium
BID00929,Large Enterprise,0,1,1,1,100.0,1,1,1,0,1,0,1,91.0,20,0,0,0,0,1,0,0,0,1,0,91.9,0.9,14,1,66.4,High
BID00930,MSME,1,0,1,1,100.0,1,1,0,1,1,0,1,63.8,20,0,0,0,0,0,1,0,0,2,0,98.5,1.62,20,1,83.4,Medium
BID00931,MSME,1,0,1,1,95.8,1,1,0,1,1,0,1,38.5,20,0,0,0,0,1,0,0,1,1,0,77.0,1.04,9,0,60.8,High
BID00932,NSIC Registered,1,0,1,1,86.7,1,1,0,1,1,1,1,75.0,30,1,1,0,0,0,1,0,0,1,0,81.5,1.17,13,0,92.2,Low
BID00933,OEM,1,0,1,1,100.0,1,1,0,0,1,1,1,69.1,50,0,0,0,0,0,1,0,0,0,0,64.0,1.04,24,0,95.8,Low
BID00934,Startup,1,0,1,1,92.8,1,1,0,0,1,0,1,55.9,50,0,0,0,0,0,1,0,0,1,0,97.6,0.85,5,0,93.6,Low
BID00935,MSME,1,0,1,1,85.4,1,1,0,0,1,1,1,61.7,30,0,0,0,0,1,1,0,0,2,0,95.4,0.87,15,1,90.3,Low
BID00936,MSME,0,1,1,1,80.4,1,1,0,1,1,1,1,40.1,20,0,0,0,0,0,1,0,0,1,0,73.5,0.71,24,0,80.8,Medium
BID00937,MSME,1,1,1,1,83.8,1,0,0,0,1,1,1,34.4,50,0,0,1,1,0,1,0,0,0,0,74.9,0.57,11,0,80.5,Medium
BID00938,OEM,1,0,1,1,37.4,1,1,0,1,1,1,0,74.0,30,0,0,0,0,0,1,0,0,1,0,80.2,1.24,3,0,81.0,Medium
BID00939,MSME,1,0,1,1,88.2,1,1,0,1,1,0,1,49.4,20,0,0,0,0,1,0,0,0,1,0,100.0,0.85,0,0,90.4,Low
BID00940,Large Enterprise,0,1,1,1,77.7,1,1,0,1,1,0,1,53.0,50,0,0,0,0,1,1,0,0,0,0,84.1,0.98,3,0,89.7,Low
BID00941,MSME,1,0,1,1,100.0,1,1,1,0,1,0,1,62.0,20,0,0,0,0,0,1,0,0,1,0,86.8,1.38,24,0,82.1,Medium
BID00942,Large Enterprise,1,0,1,1,85.3,1,1,0,0,1,0,1,61.6,30,1,1,0,0,0,1,0,0,3,0,86.8,1.29,12,0,85.7,Medium
BID00943,Large Enterprise,1,0,1,1,67.2,1,1,0,1,1,1,1,19.3,50,0,0,0,0,0,1,0,0,1,0,100.0,1.04,6,0,87.8,Low
BID00944,NSIC Registered,1,0,1,1,84.3,1,1,0,0,1,1,1,87.2,20,0,0,0,0,1,1,0,0,3,0,80.5,0.95,14,0,94.7,Low
BID00945,MSME,1,0,1,1,69.3,0,1,0,0,1,0,1,58.0,20,0,0,0,0,0,1,0,0,1,0,83.4,0.96,5,0,84.5,Medium
BID00946,MSME,1,0,1,1,92.1,1,1,1,1,0,1,1,49.9,20,0,0,0,0,0,1,0,0,1,0,99.1,1.55,13,0,70.2,High
BID00947,MSME,1,0,1,1,89.4,1,1,0,1,1,1,1,65.8,30,1,1,0,0,1,1,0,0,1,0,99.0,1.04,17,1,90.2,Low
BID00948,OEM,1,0,1,1,99.4,1,1,0,0,1,0,1,60.9,20,0,0,0,0,0,1,0,0,3,0,72.5,1.75,3,0,86.3,Medium
BID00949,NSIC Registered,1,0,1,1,73.1,1,1,0,0,1,0,1,74.2,50,0,0,0,0,0,1,0,0,2,0,61.6,0.67,0,0,85.0,Medium
BID00950,Large Enterprise,1,0,1,1,85.5,1,1,0,1,0,1,1,68.4,50,0,0,0,0,0,1,0,0,1,0,84.9,1.01,2,1,86.6,Medium
BID00951,Large Enterprise,1,0,1,1,64.5,1,1,0,1,1,0,1,72.9,20,1,1,0,0,0,1,0,0,4,1,92.8,1.29,12,0,75.4,Medium
BID00952,Large Enterprise,1,0,1,0,95.5,1,1,0,1,1,0,1,88.8,30,0,0,0,0,0,1,0,0,2,0,88.8,1.27,17,0,87.0,Medium
BID00953,MSME,1,1,1,1,92.8,1,1,0,1,1,1,1,77.1,50,1,1,0,0,0,1,0,0,0,0,77.7,1.16,3,0,93.9,Low
BID00954,OEM,1,0,1,1,92.4,1,1,0,0,1,0,1,51.0,50,0,0,0,0,0,1,0,0,1,0,100.0,0.85,3,0,92.8,Low
BID00955,Startup,1,0,1,1,85.0,1,1,0,1,1,1,0,26.9,50,0,0,0,0,0,1,0,0,3,0,72.2,0.67,10,0,73.6,Medium
BID00956,MSME,1,0,1,1,91.2,1,1,0,0,1,0,1,96.7,20,1,1,0,0,0,1,1,0,2,0,68.6,0.96,13,0,63.8,High
BID00957,Startup,1,0,1,1,100.0,1,0,0,1,1,0,1,49.1,50,0,0,1,1,0,1,0,0,1,0,98.9,1.26,24,0,88.2,Low
BID00958,MSME,1,0,1,1,80.7,1,1,0,1,1,0,1,43.2,20,0,0,0,0,1,1,0,0,0,0,80.0,1.43,6,0,93.0,Low
BID00959,MSME,1,0,1,1,87.1,1,1,0,1,1,1,0,11.6,20,0,0,0,0,0,1,0,0,0,0,100.0,1.03,2,0,93.8,Low
BID00960,Large Enterprise,1,0,0,0,68.7,1,1,1,0,1,1,1,63.5,20,0,0,0,0,0,1,0,0,3,0,82.0,0.98,6,0,71.3,Medium
BID00961,MSME,1,0,1,1,72.0,1,1,0,1,1,1,1,58.7,20,0,0,1,1,1,1,0,0,0,0,80.3,1.05,7,0,98.3,Low
BID00962,Large Enterprise,1,0,1,1,86.5,1,1,0,0,1,0,1,17.1,20,0,0,0,0,0,1,0,0,0,0,91.0,1.06,11,0,97.0,Low
BID00963,MSME,1,0,1,1,100.0,1,1,0,1,1,1,1,66.3,50,0,0,0,0,1,1,0,0,0,0,95.3,1.3,6,1,89.0,Low
BID00964,MSME,1,0,1,1,81.2,1,1,0,1,1,1,1,42.5,20,0,0,1,1,1,1,0,0,2,0,100.0,0.91,23,0,88.1,Low
BID00965,MSME,1,1,1,1,81.5,1,1,0,1,1,1,1,100.0,20,0,0,0,0,1,1,0,0,0,0,95.3,0.97,15,0,93.7,Low
BID00966,MSME,0,1,1,1,78.9,1,1,0,1,0,1,1,40.8,20,1,1,0,0,0,1,0,0,0,0,97.9,1.12,24,0,84.1,Medium
BID00967,Large Enterprise,1,0,1,1,77.0,1,1,0,0,1,1,0,44.1,20,0,0,0,0,0,1,0,0,2,0,78.1,0.84,16,0,79.7,Medium
BID00968,MSME,1,0,1,1,89.4,1,1,0,1,1,0,1,33.1,20,0,0,0,0,0,1,0,0,0,1,96.5,0.77,21,0,89.1,Low
BID00969,Large Enterprise,1,0,1,0,62.5,1,1,0,0,1,1,1,86.9,20,0,0,0,0,0,1,0,0,1,1,92.5,1.35,3,2,69.9,High
BID00970,Startup,1,0,1,1,100.0,1,1,0,1,1,1,0,45.7,50,0,0,0,0,0,1,0,0,1,0,78.0,0.99,16,1,84.0,Medium
BID00971,Large Enterprise,1,0,1,1,75.0,1,0,0,1,1,0,1,36.9,20,0,0,0,0,0,1,0,0,0,0,68.5,1.22,17,1,88.6,Low
BID00972,OEM,1,0,1,1,95.8,1,1,0,1,1,0,1,72.7,20,0,0,0,0,1,1,0,0,1,0,74.2,1.17,3,1,89.0,Low
BID00973,Large Enterprise,1,0,1,1,66.0,1,1,0,1,1,1,1,20.5,50,0,0,1,1,0,1,0,0,1,0,78.8,0.66,16,1,79.2,Medium
BID00974,MSME,0,1,1,1,95.0,1,1,0,0,1,1,1,70.6,50,0,0,0,0,0,1,0,0,0,1,82.7,0.84,14,0,78.1,Medium
BID00975,MSME,1,0,1,1,95.1,1,1,0,0,1,0,1,99.5,30,0,0,0,0,1,1,1,0,1,0,94.0,1.02,21,0,71.5,Medium
BID00976,MSME,1,0,1,0,90.8,0,1,0,1,1,1,1,69.2,50,0,0,0,0,1,1,0,0,0,0,96.4,0.94,16,0,85.5,Medium
BID00977,Large Enterprise,1,0,1,1,70.1,0,1,0,1,0,0,1,70.9,50,0,0,0,0,0,1,0,0,0,0,100.0,1.06,12,0,85.2,Medium
BID00978,MSME,1,0,1,1,88.7,1,1,0,0,1,1,1,76.8,20,0,0,0,0,0,1,0,0,5,0,90.1,1.05,24,1,81.5,Medium
BID00979,Startup,1,0,0,0,67.3,1,1,0,0,1,1,1,97.7,30,1,1,0,0,1,0,0,0,2,0,67.6,1.2,2,2,66.4,High
BID00980,Large Enterprise,1,0,1,1,81.2,1,1,0,0,1,1,1,85.2,20,0,0,0,0,1,0,0,0,2,1,74.2,0.99,11,0,73.1,Medium
BID00981,MSME,1,0,1,1,100.0,1,1,0,1,1,0,1,66.0,30,0,0,0,0,1,1,0,0,2,0,82.2,1.02,16,0,90.8,Low
BID00982,Large Enterprise,1,0,1,1,97.0,1,1,0,1,1,0,1,77.6,20,0,0,0,0,0,1,0,0,2,0,97.8,0.64,21,0,89.4,Low
BID00983,MSME,1,0,1,1,85.2,1,1,0,0,1,1,1,32.9,50,0,0,0,0,0,1,0,0,3,0,92.5,0.85,21,0,89.3,Low
BID00984,MSME,1,0,1,1,70.4,0,1,0,0,1,0,1,74.4,50,0,0,0,0,1,1,0,0,0,0,75.9,0.86,6,0,85.0,Medium
BID00985,Large Enterprise,1,0,1,1,94.7,1,1,0,1,1,1,1,29.9,30,0,0,0,0,1,1,0,0,0,0,71.6,0.89,6,0,96.9,Low
BID00986,Startup,0,1,0,0,85.3,1,1,0,0,1,1,1,45.8,20,0,0,0,0,0,1,0,0,0,0,77.4,0.91,10,0,74.6,Medium
BID00987,Large Enterprise,0,1,1,1,50.2,1,1,0,0,1,0,1,0.0,20,0,0,0,0,1,1,0,0,0,0,70.2,1.15,15,0,77.5,Medium
BID00988,Startup,1,0,1,1,96.7,1,1,0,1,0,1,1,65.0,50,1,1,0,0,0,1,0,0,1,0,83.6,1.44,3,0,86.6,Medium
BID00989,MSME,1,0,1,1,84.6,1,1,0,1,0,0,1,38.9,50,0,0,0,0,1,0,0,0,1,0,90.3,0.66,15,1,70.9,Medium
BID00990,NSIC Registered,1,0,1,1,100.0,1,1,0,1,1,0,1,82.8,30,0,0,0,0,1,1,0,0,1,0,88.6,0.95,4,0,92.3,Low
BID00991,Large Enterprise,1,0,1,0,68.6,1,1,0,1,1,0,1,64.8,50,0,0,0,0,0,1,0,0,1,0,79.3,0.78,18,0,83.6,Medium
BID00992,Large Enterprise,0,1,1,1,37.3,1,1,0,0,1,0,1,83.1,30,0,0,0,0,0,1,0,0,3,0,85.3,0.67,21,1,72.3,Medium
BID00993,MSME,1,0,1,1,89.2,1,1,0,1,1,1,1,27.9,30,0,0,0,0,0,1,0,0,1,0,69.3,0.87,13,0,95.3,Low
BID00994,Large Enterprise,1,0,1,1,89.4,1,1,0,0,1,1,0,81.0,30,0,0,0,0,0,1,0,0,1,0,76.8,0.74,6,0,89.6,Low
BID00995,MSME,1,1,1,1,59.6,1,1,0,0,1,1,1,100.0,30,0,0,0,0,0,1,0,0,0,0,88.7,1.06,8,2,83.4,Medium
BID00996,MSME,1,1,1,0,70.3,1,1,0,1,1,1,0,74.1,50,0,0,0,0,0,1,0,0,4,0,100.0,0.96,24,0,73.0,Medium
BID00997,OEM,1,0,1,1,100.0,1,1,0,1,1,1,1,74.8,30,1,1,0,0,0,1,0,0,3,1,100.0,0.93,12,0,86.2,Medium
BID00998,MSME,0,1,1,1,80.4,1,1,0,0,1,1,1,59.2,50,1,1,0,0,0,1,0,0,5,0,69.3,1.08,15,0,72.9,Medium
BID00999,OEM,1,0,1,1,96.0,1,1,0,0,1,0,1,41.9,30,0,0,0,0,1,1,0,0,3,0,95.1,0.64,20,0,83.2,Medium
BID01000,Startup,1,0,1,0,75.2,1,1,0,0,1,1,1,74.0,50,0,0,0,0,1,1,0,0,0,0,87.1,0.75,3,0,84.1,Medium
BID01001,MSME,0,1,1,1,53.6,1,1,0,1,1,0,1,17.3,30,0,0,0,0,1,1,1,0,0,0,87.4,1.09,6,2,45.0,High
BID01002,Startup,1,0,1,1,82.4,1,1,0,1,1,0,1,44.6,50,0,0,0,0,0,1,0,0,1,0,100.0,0.74,2,0,93.9,Low
BID01003,NSIC Registered,1,1,1,1,81.0,1,1,0,1,1,0,1,10.7,20,1,1,0,0,0,1,0,0,1,0,79.2,0.49,19,0,80.7,Medium
BID01004,Large Enterprise,1,0,1,1,79.0,1,1,0,0,1,1,1,37.4,30,0,0,0,0,1,1,0,1,1,0,91.3,1.4,14,0,62.5,High
BID01005,NSIC Registered,1,0,1,1,83.3,1,1,0,1,1,1,0,71.1,30,0,0,0,0,0,1,0,0,1,0,94.2,1.09,24,2,79.9,Medium
BID01006,Large Enterprise,0,1,1,1,89.0,1,0,0,0,1,1,1,67.6,20,0,0,0,0,1,1,0,0,3,0,76.7,1.25,20,0,73.3,Medium
BID01007,Large Enterprise,1,0,1,1,82.7,1,1,0,1,1,1,1,56.3,20,0,0,0,0,0,1,0,0,0,0,59.9,0.82,13,1,90.1,Low
BID01008,NSIC Registered,0,1,1,1,66.0,1,1,0,0,1,1,1,59.3,30,0,0,0,0,0,1,0,0,1,1,69.0,0.65,6,1,69.5,High
BID01009,MSME,1,0,0,0,92.3,1,1,0,0,1,0,1,7.9,50,0,0,0,0,0,1,0,0,1,0,88.1,1.07,17,0,79.7,Medium
BID01010,Startup,0,1,1,1,55.8,1,1,0,1,0,1,1,45.7,30,1,1,0,0,1,1,1,0,3,0,95.8,0.72,24,0,45.4,High
BID01011,MSME,1,0,1,1,54.2,1,1,0,0,1,0,1,38.0,50,0,0,0,0,0,1,0,0,0,0,91.5,1.25,4,0,88.9,Low
BID01012,OEM,1,0,1,1,96.1,1,1,0,1,1,0,1,38.5,20,0,0,0,0,0,1,0,0,2,0,91.3,1.06,20,0,96.3,Low
BID01013,OEM,1,0,1,0,92.6,1,1,0,1,1,1,0,70.0,50,1,1,0,0,0,1,0,0,5,0,89.0,1.05,19,0,70.6,High
BID01014,MSME,0,1,1,1,84.1,1,1,0,1,0,1,1,33.5,30,0,0,0,0,1,0,0,0,1,0,75.1,1.05,7,1,72.9,Medium
BID01015,Large Enterprise,1,0,1,1,64.1,1,1,0,1,1,0,1,39.9,20,0,0,0,0,1,0,0,0,1,0,84.7,1.51,19,0,77.1,Medium
BID01016,OEM,1,0,1,1,74.4,1,1,0,1,1,1,1,2.8,20,0,0,0,0,0,1,0,0,1,1,92.5,1.16,17,1,78.8,Medium
BID01017,MSME,1,0,1,1,81.1,1,1,0,0,1,0,1,47.6,30,0,0,0,0,0,1,0,0,1,0,90.7,0.95,20,0,89.1,Low
BID01018,Large Enterprise,1,0,1,1,61.1,1,1,0,0,1,1,1,27.8,30,0,0,0,0,0,1,0,0,1,0,100.0,1.03,18,2,90.9,Low
BID01019,OEM,0,1,1,1,73.9,1,1,0,1,1,0,1,57.0,20,0,0,0,0,0,1,0,0,0,0,78.0,0.78,19,0,80.9,Medium
BID01020,MSME,1,0,1,1,94.8,1,1,0,0,1,1,1,31.2,50,0,0,0,0,0,1,0,0,6,0,78.2,0.87,2,0,78.8,Medium
BID01021,Large Enterprise,1,0,1,0,100.0,1,1,0,0,1,1,1,57.6,50,0,0,0,0,0,1,0,0,2,1,76.6,1.31,22,0,77.3,Medium
BID01022,MSME,1,0,1,1,78.7,1,1,0,0,1,0,1,51.4,50,0,0,0,0,1,1,0,0,0,0,52.2,1.01,5,0,87.3,Low
BID01023,OEM,1,0,1,1,96.3,1,1,0,0,1,1,0,96.8,30,0,0,0,0,1,1,0,0,1,1,92.4,1.19,17,0,80.5,Medium
BID01024,OEM,1,0,1,1,56.3,1,1,0,1,1,1,1,67.4,20,0,0,0,0,0,1,0,0,1,0,85.1,0.78,14,1,89.6,Low
BID01025,OEM,1,0,1,1,94.9,1,1,0,1,1,1,1,9.0,50,0,0,0,0,1,1,0,0,2,1,82.1,1.21,13,0,73.6,Medium
BID01026,Startup,1,0,1,1,72.9,1,1,0,0,1,1,1,23.4,20,0,0,0,0,0,1,0,0,0,0,75.2,0.95,23,0,90.0,Low
BID01027,NSIC Registered,1,0,1,1,89.6,1,1,0,1,1,0,1,56.4,50,0,0,0,0,0,1,0,0,0,0,91.6,1.06,20,0,95.9,Low
BID01028,NSIC Registered,1,0,1,1,81.3,1,1,0,1,1,0,1,31.8,20,0,0,0,0,0,1,0,0,1,0,85.2,1.02,21,0,93.4,Low
BID01029,MSME,1,0,1,1,100.0,1,1,0,1,1,0,1,0.0,30,0,0,0,0,0,1,0,0,1,0,100.0,1.05,7,0,88.1,Low
BID01030,NSIC Registered,1,0,1,0,71.9,1,0,1,1,1,0,1,88.7,30,0,0,0,0,0,1,0,0,1,0,85.3,0.97,10,0,71.3,Medium
BID01031,MSME,1,0,1,1,94.4,1,1,0,1,0,1,1,73.0,30,0,0,0,0,1,1,0,0,1,0,90.0,1.32,10,1,88.9,Low
BID01032,Large Enterprise,1,1,1,1,80.8,1,1,0,1,1,1,1,68.0,50,0,0,0,0,0,1,0,0,1,0,100.0,0.62,11,1,85.1,Medium
BID01033,MSME,0,1,1,1,82.6,1,1,0,1,0,0,1,39.8,30,0,0,0,0,0,1,0,0,1,1,81.0,1.13,15,1,66.7,High
BID01034,MSME,0,1,1,1,82.2,1,1,0,0,1,0,1,65.7,30,0,0,0,0,0,1,0,0,3,0,79.8,0.83,6,0,77.2,Medium
BID01035,MSME,1,0,1,1,72.3,1,1,0,1,1,1,0,37.4,30,0,0,0,0,1,1,0,0,0,1,100.0,0.76,2,1,81.1,Medium
BID01036,Large Enterprise,1,0,0,0,84.8,1,1,0,1,1,1,1,60.1,20,0,0,0,0,0,1,0,0,0,0,66.3,1.53,1,0,81.3,Medium
BID01037,MSME,0,1,1,0,84.1,1,1,0,1,1,1,1,32.0,20,0,0,0,0,0,1,0,0,1,0,81.9,0.76,2,0,75.7,Medium
BID01038,Large Enterprise,1,0,1,0,88.6,1,0,0,1,0,0,1,92.9,20,0,0,0,0,0,1,0,0,0,0,81.6,0.55,7,0,82.3,Medium
BID01039,MSME,1,1,1,1,86.3,1,1,0,1,0,0,1,15.7,20,0,0,0,0,1,1,0,0,2,1,74.9,1.24,19,1,71.6,Medium
BID01040,MSME,1,1,1,1,97.0,1,1,0,1,1,1,1,85.8,20,0,0,0,0,0,1,0,0,1,0,91.3,0.88,7,0,90.8,Low
BID01041,Startup,1,0,1,1,98.9,1,0,0,1,1,0,1,56.0,20,1,1,0,0,0,1,0,0,1,0,78.2,1.32,3,1,82.2,Medium
BID01042,Large Enterprise,1,0,1,1,69.2,1,1,0,0,1,1,1,42.8,20,0,0,0,0,0,1,0,0,4,0,86.3,0.44,22,0,81.4,Medium
BID01043,MSME,1,0,1,1,98.0,1,0,0,1,1,1,1,59.2,30,0,0,0,0,0,1,0,0,1,0,73.8,1.46,12,0,83.5,Medium
BID01044,Large Enterprise,0,1,1,1,67.2,1,0,0,1,1,0,1,73.3,30,0,0,1,1,0,1,0,0,2,0,88.4,1.24,21,0,74.1,Medium
BID01045,NSIC Registered,0,1,1,1,93.8,1,0,0,1,1,1,1,89.2,50,0,0,0,0,0,1,0,0,0,0,100.0,0.95,16,0,87.0,Low
BID01046,Large Enterprise,1,0,1,1,94.3,1,1,0,0,1,1,1,62.8,30,0,0,0,0,0,1,0,0,0,0,84.4,0.57,23,0,92.1,Low
BID01047,MSME,1,0,1,1,56.3,1,1,0,0,1,0,1,32.7,20,0,0,0,0,0,1,0,0,1,0,84.9,0.67,21,1,83.7,Medium
BID01048,MSME,1,0,1,1,86.4,1,1,0,0,1,0,1,56.4,20,0,0,0,0,0,1,0,0,0,0,70.8,0.83,17,0,90.9,Low
BID01049,NSIC Registered,1,0,1,1,78.0,1,0,0,1,1,0,1,100.0,50,0,0,1,1,0,1,0,0,1,0,95.1,1.18,4,0,86.6,Medium
BID01050,MSME,1,0,1,1,73.6,1,1,0,1,1,1,1,88.7,30,0,0,0,0,0,1,0,0,1,0,84.0,0.78,11,0,93.3,Low
BID01051,NSIC Registered,1,0,1,1,100.0,1,1,0,1,0,1,1,77.7,30,0,0,0,0,0,1,0,0,0,0,89.7,0.49,1,0,91.0,Low
BID01052,Startup,0,1,1,1,75.2,1,1,1,0,1,0,1,74.9,50,0,0,0,0,1,1,0,0,1,0,96.4,1.06,9,0,71.9,Medium
BID01053,OEM,1,0,1,1,72.9,1,1,0,1,1,0,1,72.5,20,0,0,0,0,1,1,0,0,1,0,82.8,1.25,6,0,87.8,Low
BID01054,Large Enterprise,1,0,1,1,86.1,1,1,0,0,1,0,1,84.0,20,0,0,0,0,0,1,1,0,1,0,97.3,1.55,14,0,62.7,High
BID01055,OEM,0,1,1,1,95.3,1,1,0,0,1,1,0,43.6,20,1,1,0,0,1,1,0,1,1,1,98.0,0.74,21,1,42.7,High
BID01056,MSME,1,0,1,1,82.9,1,1,0,0,1,1,1,21.1,20,0,0,0,0,0,1,0,0,0,0,89.1,0.77,6,0,91.7,Low
BID01057,Large Enterprise,1,0,1,1,100.0,1,1,1,1,0,0,1,56.7,50,0,0,1,1,0,1,0,0,0,0,87.4,0.25,14,0,76.4,Medium
BID01058,Startup,1,0,1,1,93.0,1,0,0,0,1,0,1,34.6,30,0,0,0,0,0,1,0,0,1,0,85.3,0.61,15,0,88.1,Low
BID01059,Startup,1,0,1,1,52.3,1,1,0,1,1,1,1,28.6,20,0,0,0,0,1,1,0,0,2,0,91.7,0.73,21,1,81.7,Medium
BID01060,Large Enterprise,1,0,1,1,77.1,1,1,0,1,1,1,0,37.0,30,0,0,0,0,1,1,0,0,3,0,91.2,0.78,0,0,82.8,Medium
BID01061,NSIC Registered,1,0,1,1,76.6,1,1,0,1,1,1,1,100.0,30,1,0,0,0,0,1,0,0,0,0,67.8,0.87,14,0,83.0,Medium
BID01062,OEM,1,0,1,1,92.2,1,1,0,0,1,1,1,58.4,20,0,0,0,0,0,1,0,0,1,1,76.9,1.15,2,1,77.1,Medium
BID01063,Large Enterprise,0,1,1,0,45.6,1,1,0,1,1,1,1,64.0,20,0,0,0,0,0,1,0,0,0,0,96.5,1.13,9,0,75.7,Medium
BID01064,Startup,1,0,1,1,100.0,1,0,0,1,1,1,1,24.4,20,1,0,0,0,0,1,0,0,0,0,88.0,0.87,15,0,91.4,Low
BID01065,Startup,1,0,1,1,93.0,1,1,0,1,1,0,1,8.9,30,0,0,1,1,1,0,0,1,0,0,82.4,1.0,1,0,63.3,High
BID01066,Large Enterprise,1,0,1,1,87.2,1,1,0,0,1,1,1,34.5,50,0,0,0,0,1,1,0,0,1,0,100.0,0.66,16,1,90.0,Low
BID01067,MSME,1,0,1,1,100.0,1,1,0,0,1,0,1,91.0,20,1,0,0,0,0,1,0,0,0,0,94.7,0.86,0,0,92.3,Low
BID01068,MSME,1,0,1,0,100.0,1,1,0,0,1,1,1,63.4,30,0,0,0,0,0,1,0,0,1,0,98.0,0.68,3,0,85.1,Medium
BID01069,MSME,1,0,1,1,98.1,1,1,0,1,1,0,1,70.0,30,1,0,0,0,0,1,0,0,4,0,82.4,0.82,10,0,81.0,Medium
BID01070,MSME,1,0,1,1,99.2,1,1,0,1,1,1,0,73.5,20,0,0,0,0,1,1,0,0,0,0,89.6,1.46,16,0,91.9,Low
BID01071,MSME,1,0,1,1,87.0,1,1,0,1,1,0,1,40.2,50,0,0,0,0,1,1,0,0,2,0,84.0,1.04,1,0,88.9,Low
BID01072,MSME,1,0,1,1,82.9,1,1,0,1,1,0,1,89.7,20,0,0,0,0,0,1,0,0,0,0,72.6,0.85,0,1,92.1,Low
BID01073,MSME,1,0,1,1,77.9,1,1,0,0,1,0,1,39.2,20,0,0,0,0,0,1,0,0,0,0,87.4,1.12,5,0,94.3,Low
BID01074,MSME,1,0,1,1,72.6,1,1,0,1,0,0,1,90.2,50,0,0,0,0,1,1,0,0,1,0,84.3,0.9,10,2,81.3,Medium
BID01075,OEM,0,1,1,1,74.7,1,1,0,1,1,1,1,66.1,20,1,1,0,0,0,1,0,0,1,0,84.1,1.42,3,0,82.0,Medium
BID01076,Startup,1,0,1,1,64.7,1,1,0,1,1,0,1,10.3,20,0,0,0,0,1,1,0,0,1,0,96.9,1.09,23,0,90.5,Low
BID01077,MSME,1,1,1,1,83.9,1,0,0,0,1,0,1,36.3,50,0,0,0,0,0,1,0,0,2,0,83.7,0.71,10,1,72.9,Medium
BID01078,Large Enterprise,1,0,0,0,59.7,1,1,0,1,1,0,1,10.4,30,0,0,0,0,1,1,1,0,0,0,85.8,1.33,4,1,55.4,High
BID01079,MSME,1,0,1,1,87.9,1,1,0,1,1,1,1,84.1,30,0,0,1,1,0,1,0,0,0,0,86.4,1.15,9,0,95.2,Low
BID01080,OEM,1,0,1,1,84.5,1,0,0,0,1,0,1,54.4,30,0,0,0,0,1,0,0,0,2,1,91.0,1.12,4,0,78.2,Medium
BID01081,Large Enterprise,1,0,1,1,87.2,1,1,0,1,0,1,1,0.0,30,0,0,0,0,1,1,0,0,0,0,88.6,1.21,23,0,85.5,Medium
BID01082,MSME,1,0,1,1,77.2,1,1,0,0,1,1,1,64.4,30,0,0,0,0,0,1,0,0,1,0,93.2,1.18,21,1,87.5,Low
BID01083,Startup,1,0,1,1,100.0,1,1,0,1,1,1,1,41.6,20,1,1,0,0,0,1,0,0,0,0,69.6,1.13,21,0,92.1,Low
BID01084,NSIC Registered,1,1,1,1,100.0,1,1,0,0,1,1,1,17.9,50,0,0,0,0,0,1,0,0,1,0,86.7,0.96,2,0,87.1,Low
BID01085,OEM,1,0,1,1,66.3,1,1,0,1,1,0,1,96.9,30,0,0,0,0,1,1,0,0,0,0,83.7,1.23,5,0,93.7,Low
BID01086,Startup,1,0,1,1,88.5,1,1,1,1,1,0,1,57.7,50,1,1,1,0,0,1,0,0,1,1,69.2,0.96,12,0,69.7,High
BID01087,Large Enterprise,0,1,1,1,75.9,1,1,0,0,1,0,1,47.7,30,0,0,0,0,0,1,0,0,1,0,67.7,1.33,15,1,78.8,Medium
BID01088,MSME,1,0,1,0,69.8,1,1,0,1,0,0,1,45.0,20,0,0,0,0,0,1,0,0,0,0,77.5,1.12,6,0,81.5,Medium
BID01089,OEM,1,0,1,1,64.9,1,0,0,1,1,0,1,17.2,30,0,0,0,0,1,1,0,0,1,0,77.2,1.05,17,0,86.7,Medium
BID01090,MSME,1,0,0,0,91.5,1,1,0,1,1,0,1,22.4,30,0,0,0,0,1,1,0,0,0,0,82.1,1.16,2,0,85.9,Medium
BID01091,OEM,1,0,1,1,74.8,1,1,0,0,1,1,1,87.1,50,0,0,1,1,0,1,0,0,1,0,86.5,1.04,5,0,94.7,Low
BID01092,Large Enterprise,1,0,1,1,99.5,1,1,0,1,1,0,1,43.2,50,0,0,0,0,0,1,0,0,0,0,90.9,1.32,9,1,91.9,Low
BID01093,Large Enterprise,1,0,1,1,99.9,0,1,1,0,1,0,1,55.6,20,0,0,0,0,0,1,0,0,1,0,70.1,1.24,15,0,73.6,Medium
BID01094,Startup,1,0,1,1,100.0,1,1,0,0,1,0,1,3.9,50,0,0,0,0,0,1,0,0,0,1,74.2,1.02,24,0,78.0,Medium
BID01095,MSME,1,0,1,1,72.2,1,0,0,0,1,0,1,22.0,50,0,0,0,0,0,1,0,0,1,0,74.6,0.2,12,0,72.7,Medium
BID01096,MSME,1,0,1,1,92.1,1,1,0,1,1,0,1,70.2,50,0,0,0,0,0,1,0,0,1,0,83.6,1.22,24,1,88.4,Low
BID01097,MSME,1,0,1,1,94.5,1,1,0,1,1,1,1,64.4,20,0,0,0,0,0,1,0,0,0,0,85.3,1.1,23,0,99.4,Low
BID01098,MSME,1,0,1,1,77.9,1,1,1,0,1,1,0,98.8,20,0,0,0,0,0,1,1,0,2,0,97.0,1.61,23,0,46.7,High
BID01099,Large Enterprise,1,0,1,1,73.4,1,1,0,1,0,0,1,88.6,20,0,0,0,0,1,1,0,0,0,0,74.0,0.68,8,0,86.8,Medium
BID01100,MSME,1,0,0,0,100.0,1,1,1,1,1,1,1,49.2,50,0,0,0,0,1,1,0,0,1,0,94.3,0.95,15,0,80.9,Medium
BID01101,MSME,1,0,1,1,88.4,0,1,0,1,0,0,1,66.8,50,0,0,0,0,1,1,0,0,0,0,67.2,0.61,10,0,79.6,Medium
BID01102,OEM,1,0,1,1,94.5,1,1,0,1,1,1,0,47.1,20,0,0,0,0,0,1,0,0,1,0,85.2,0.82,8,1,88.3,Low
BID01103,NSIC Registered,1,1,1,1,72.7,1,1,0,1,1,1,1,100.0,50,0,0,0,0,0,1,0,0,0,0,91.6,1.39,9,0,89.3,Low
BID01104,OEM,1,0,1,1,66.7,1,1,0,1,1,0,1,83.7,50,0,0,0,0,0,1,0,0,2,1,92.6,0.58,10,0,79.5,Medium
BID01105,OEM,0,1,1,1,76.5,1,1,0,0,1,1,1,59.2,30,1,1,0,0,0,1,0,0,0,0,100.0,0.65,24,0,87.0,Low
BID01106,MSME,1,0,1,1,83.1,1,1,0,1,1,0,1,60.0,20,0,0,0,0,0,1,0,0,1,0,100.0,1.14,20,0,97.3,Low
BID01107,MSME,1,1,1,1,69.0,1,1,0,1,1,1,1,91.1,20,0,0,0,0,1,1,0,0,2,0,89.9,1.05,21,0,89.7,Low
BID01108,Large Enterprise,1,0,1,1,84.9,1,1,0,1,1,1,1,69.5,50,0,0,1,1,0,1,0,0,0,0,69.2,0.92,14,1,87.0,Low
BID01109,Large Enterprise,1,0,1,1,59.7,1,1,0,1,1,0,1,94.0,50,1,1,0,0,0,1,0,0,0,0,100.0,0.36,20,0,89.5,Low
BID01110,MSME,1,0,1,1,68.2,1,1,0,1,1,1,1,0.2,30,0,0,0,0,1,1,0,0,1,0,98.7,1.32,12,1,77.2,Medium
BID01111,NSIC Registered,1,0,1,1,95.1,1,1,0,0,1,0,1,66.5,20,0,0,0,0,1,1,0,0,2,0,97.4,0.94,16,0,88.6,Low
BID01112,MSME,0,1,1,1,94.1,1,0,0,0,1,0,1,42.1,20,1,1,0,0,1,1,0,0,1,0,79.9,0.74,3,0,76.1,Medium
BID01113,MSME,1,1,1,1,79.1,1,1,0,1,1,1,1,98.9,50,0,0,0,0,0,1,0,0,2,0,83.5,1.08,10,0,89.9,Low
BID01114,Startup,1,0,1,1,69.7,1,0,0,1,1,0,1,93.7,20,0,0,0,0,1,1,0,0,3,0,75.1,1.31,0,0,75.4,Medium
BID01115,Large Enterprise,0,1,1,1,69.6,1,1,0,1,1,0,1,55.8,50,0,0,0,0,0,1,0,0,1,0,93.1,0.93,0,0,84.7,Medium
BID01116,Large Enterprise,1,1,1,1,79.4,1,1,1,0,1,1,1,93.4,30,0,0,0,0,0,1,0,0,2,0,79.4,0.84,2,0,76.3,Medium
BID01117,MSME,1,0,1,1,94.7,1,0,0,0,1,1,0,99.6,50,1,1,0,0,0,1,0,1,2,0,93.6,1.01,22,1,57.4,High
BID01118,NSIC Registered,1,0,0,0,98.9,1,1,0,0,1,1,1,56.9,30,0,0,0,0,0,1,0,0,2,0,76.1,1.1,14,0,85.0,Medium
BID01119,MSME,1,0,1,1,77.6,1,1,0,1,0,0,1,100.0,50,0,0,0,0,0,1,0,0,2,0,96.4,1.12,0,0,85.4,Medium
BID01120,MSME,1,0,1,1,67.7,1,1,0,0,1,0,1,54.2,30,0,0,1,1,1,1,0,0,0,0,88.4,0.94,22,1,85.5,Medium
BID01121,NSIC Registered,0,1,1,1,89.0,1,1,0,1,1,0,1,49.6,30,0,0,0,0,1,1,0,0,1,0,100.0,1.31,15,1,85.9,Medium
BID01122,OEM,1,0,1,1,72.6,1,0,0,1,1,0,1,76.6,20,0,0,0,0,1,0,0,0,1,0,100.0,0.78,16,0,77.1,Medium
BID01123,NSIC Registered,1,0,1,1,77.2,1,1,0,0,1,0,1,46.2,50,0,0,0,0,0,1,0,0,1,1,88.4,0.96,8,1,77.6,Medium
BID01124,NSIC Registered,1,0,1,1,100.0,1,1,0,0,1,0,1,57.1,20,0,0,0,0,0,1,0,0,2,0,100.0,0.96,4,2,88.4,Low
BID01125,Large Enterprise,1,0,1,1,97.4,1,1,0,1,1,0,1,90.2,20,0,0,0,0,0,1,0,0,2,1,100.0,0.61,5,1,81.0,Medium
BID01126,Large Enterprise,0,1,1,1,87.4,1,1,0,1,0,1,1,55.5,50,0,0,0,0,0,1,0,0,2,0,84.7,1.09,14,0,81.2,Medium
BID01127,MSME,1,1,1,1,65.9,1,1,0,1,1,0,1,12.6,20,0,0,0,0,1,1,0,0,1,0,88.1,1.02,8,0,90.0,Low
BID01128,Startup,1,0,1,1,88.2,1,1,0,1,1,0,1,64.2,20,1,1,0,0,0,1,0,0,0,0,88.3,0.95,2,0,98.4,Low
BID01129,MSME,1,1,1,1,100.0,1,1,0,1,1,0,1,37.6,20,0,0,0,0,1,1,0,0,0,0,79.8,1.13,18,0,93.1,Low
BID01130,MSME,1,0,1,1,79.4,1,1,0,0,1,0,1,76.6,50,1,1,0,0,1,1,0,0,0,0,79.9,0.95,20,0,95.0,Low
BID01131,Large Enterprise,1,0,1,1,100.0,1,1,0,0,1,1,1,72.4,20,0,0,0,0,0,1,0,0,1,0,99.7,1.35,12,0,92.0,Low
BID01132,Startup,1,0,1,1,100.0,1,0,0,0,1,0,1,91.8,20,0,0,0,0,0,1,0,1,3,0,76.5,1.12,12,0,56.4,High
BID01133,MSME,1,0,1,1,100.0,1,1,0,0,1,1,1,77.7,20,0,0,0,0,1,1,0,0,2,0,83.2,1.09,22,1,87.9,Low
BID01134,MSME,1,0,1,1,89.6,1,1,0,1,1,0,1,82.3,50,0,0,0,0,0,1,0,0,1,0,81.1,0.83,2,1,89.1,Low
BID01135,Large Enterprise,1,0,1,1,93.8,1,1,1,0,1,1,1,38.3,30,0,0,0,0,0,1,0,0,2,0,90.5,0.53,19,0,75.7,Medium
BID01136,MSME,1,0,1,0,100.0,1,1,0,1,1,0,1,75.1,30,0,0,0,0,1,1,0,0,0,0,100.0,1.2,13,1,86.1,Medium
BID01137,NSIC Registered,1,0,1,1,91.7,1,1,0,1,1,0,1,100.0,30,0,0,0,0,1,1,0,0,1,0,82.7,0.53,1,1,85.4,Medium
BID01138,Startup,1,0,1,1,77.5,1,1,1,1,1,0,1,37.8,30,0,0,0,0,0,1,0,0,2,1,67.7,0.93,24,1,68.0,High
BID01139,Startup,1,0,1,1,78.3,1,1,0,1,0,1,1,100.0,20,0,0,0,0,0,1,0,0,0,0,86.3,1.22,9,0,86.5,Medium
BID01140,Large Enterprise,1,0,1,1,88.6,1,1,0,0,1,0,1,41.3,50,0,0,0,0,0,1,0,0,0,0,73.3,0.78,8,0,89.4,Low
BID01141,NSIC Registered,1,0,1,1,65.6,1,1,0,0,1,0,1,33.7,20,1,1,1,1,1,0,0,0,0,0,88.1,0.88,12,1,84.8,Medium
BID01142,MSME,1,0,1,1,82.9,1,1,0,1,1,0,1,62.4,50,1,0,0,0,0,1,0,0,6,0,75.9,0.65,10,0,76.0,Medium
BID01143,Large Enterprise,1,0,1,1,100.0,1,0,0,0,1,1,1,72.9,20,0,0,0,0,0,1,0,0,3,0,87.0,0.77,1,0,84.1,Medium
BID01144,Large Enterprise,1,0,0,0,52.1,1,1,0,1,1,0,1,77.8,30,0,0,0,0,0,1,0,0,1,0,70.7,0.8,15,0,82.3,Medium
BID01145,MSME,0,1,1,1,100.0,1,1,0,0,1,1,1,31.0,30,0,0,0,0,1,1,0,0,3,0,81.8,0.88,4,0,78.3,Medium
BID01146,NSIC Registered,1,0,1,1,100.0,1,1,0,1,1,0,1,65.9,50,0,0,0,0,0,1,0,0,0,0,73.1,1.03,0,0,95.6,Low
BID01147,Large Enterprise,1,0,1,1,78.1,1,1,0,1,1,1,1,37.9,20,0,0,0,0,0,1,0,0,1,0,100.0,1.06,7,0,99.0,Low
BID01148,Large Enterprise,1,0,1,1,93.2,1,1,0,1,1,0,1,17.8,30,0,0,0,0,0,1,0,0,1,0,76.3,1.36,21,0,87.0,Low
BID01149,NSIC Registered,1,0,1,1,85.0,1,0,0,0,1,0,1,31.8,50,0,0,0,0,0,1,0,0,0,0,91.7,0.88,15,1,81.1,Medium
BID01150,NSIC Registered,1,0,1,1,100.0,1,1,0,1,1,1,1,36.2,20,0,0,0,0,0,1,0,0,0,0,87.1,1.14,13,0,97.4,Low
BID01151,Large Enterprise,1,0,1,1,99.7,1,1,0,0,1,1,1,68.0,50,0,0,0,0,0,1,0,0,2,1,87.4,0.84,1,0,83.8,Medium
BID01152,NSIC Registered,0,1,1,1,64.0,1,1,0,1,1,0,1,83.8,20,0,0,0,0,0,1,0,0,2,0,89.5,1.42,17,1,75.0,Medium
BID01153,Large Enterprise,1,0,1,1,93.8,1,1,0,0,1,1,1,18.2,20,0,0,1,1,0,1,0,0,2,1,92.2,1.03,20,0,84.6,Medium
BID01154,Large Enterprise,0,1,1,1,81.9,1,1,0,0,1,0,1,63.8,20,0,0,0,0,0,1,0,0,3,0,100.0,0.95,6,0,77.5,Medium
BID01155,Large Enterprise,1,0,1,1,86.2,1,1,0,1,1,1,1,25.6,50,0,0,0,0,0,1,0,0,4,0,96.2,0.8,24,0,78.3,Medium
BID01156,Large Enterprise,1,0,1,1,74.1,1,1,0,1,1,1,0,70.7,50,0,0,0,0,0,1,0,0,1,0,100.0,1.23,24,1,87.0,Medium
BID01157,MSME,0,1,1,1,100.0,1,1,0,0,1,1,1,39.4,20,1,0,0,0,1,1,0,0,5,0,72.2,1.03,11,0,69.6,High
BID01158,NSIC Registered,1,0,1,1,100.0,1,1,0,0,1,0,1,28.7,30,1,0,0,0,0,1,0,0,1,0,68.9,1.05,14,0,87.4,Low
BID01159,NSIC Registered,1,0,1,1,73.9,1,1,0,0,1,1,1,75.0,20,1,0,0,0,1,1,0,0,0,0,100.0,0.74,21,0,88.6,Low
BID01160,MSME,1,0,0,0,65.0,1,1,0,1,0,0,1,40.3,50,1,1,0,0,0,1,0,0,1,0,91.7,0.8,1,0,76.9,Medium
BID01161,NSIC Registered,1,0,1,1,79.2,1,1,1,1,1,0,1,47.1,20,0,0,0,0,1,1,0,0,3,0,72.2,0.56,21,0,72.8,Medium
BID01162,MSME,1,0,0,0,91.5,1,1,0,0,1,1,1,0.0,50,0,0,0,0,0,1,1,0,3,0,81.6,0.87,16,0,48.7,High
BID01163,MSME,1,0,1,1,88.6,1,1,0,1,1,0,1,78.7,20,0,0,0,0,0,1,0,0,2,1,91.4,0.88,10,0,83.9,Medium
BID01164,Large Enterprise,1,0,1,1,100.0,1,0,0,1,1,1,1,75.5,20,0,0,1,1,1,0,0,0,1,0,84.4,0.66,1,0,82.6,Medium
BID01165,MSME,1,0,1,1,96.8,1,1,0,1,1,0,1,55.1,30,0,0,1,1,0,1,0,0,0,0,92.3,0.98,18,0,100.0,Low
BID01166,NSIC Registered,1,0,0,0,99.5,1,1,0,0,1,1,1,16.8,30,0,0,0,0,1,0,0,0,2,0,70.9,0.91,4,0,72.5,Medium
BID01167,NSIC Registered,1,0,1,1,89.9,1,0,0,0,1,1,1,85.2,50,1,1,0,0,0,1,0,0,3,0,84.6,0.82,16,0,83.5,Medium
BID01168,Startup,1,0,1,0,64.2,1,1,0,1,1,0,1,38.3,20,1,1,0,0,0,1,0,0,0,0,86.4,0.79,15,0,88.9,Low
BID01169,MSME,1,0,1,1,82.1,1,1,0,1,1,0,1,43.7,50,0,0,0,0,0,1,0,0,2,0,76.5,1.04,12,0,83.2,Medium
BID01170,MSME,1,0,1,1,100.0,1,1,0,1,1,1,0,100.0,20,0,0,0,0,0,1,0,0,1,0,81.6,0.81,12,0,88.2,Low
BID01171,Large Enterprise,1,0,1,1,84.2,1,1,1,1,0,0,1,37.4,20,0,0,0,0,0,1,0,0,2,0,79.4,1.41,12,2,63.7,High
BID01172,OEM,1,0,1,1,92.5,1,1,0,1,1,1,1,73.6,20,0,0,0,0,0,1,0,0,1,0,71.7,0.95,4,0,89.8,Low
BID01173,Large Enterprise,1,0,1,1,80.2,1,1,0,0,1,0,1,69.1,30,0,0,0,0,0,1,0,0,0,0,77.6,1.23,4,2,87.5,Low
BID01174,MSME,1,1,1,1,69.6,1,1,0,1,1,0,1,64.8,50,0,0,0,0,0,1,0,0,2,0,87.3,0.71,19,0,82.7,Medium
BID01175,Large Enterprise,1,0,1,1,83.1,1,1,0,1,1,1,1,62.1,20,0,0,0,0,0,1,0,0,0,0,73.3,0.96,18,1,96.3,Low
BID01176,Startup,1,0,1,1,89.6,1,1,0,0,1,1,1,64.4,20,0,0,0,0,1,1,0,0,0,0,76.9,0.76,6,1,87.9,Low
BID01177,Large Enterprise,1,0,1,1,75.2,1,1,0,1,0,1,1,61.8,50,0,0,1,1,1,1,0,0,2,0,64.6,1.11,10,1,79.1,Medium
BID01178,MSME,1,0,1,1,81.5,1,1,0,1,1,1,0,53.7,50,0,0,0,0,1,1,0,0,2,0,100.0,0.98,22,0,87.5,Low
BID01179,Large Enterprise,1,0,1,1,70.9,1,1,0,1,1,1,1,92.8,20,1,1,0,0,0,1,0,0,0,0,96.1,1.49,0,1,88.8,Low
BID01180,Startup,1,0,1,1,100.0,1,1,1,1,1,0,1,22.2,30,0,0,0,0,0,1,0,0,2,0,99.5,0.91,6,0,77.9,Medium
BID01181,OEM,1,0,1,1,80.6,1,1,0,0,1,0,1,80.5,30,0,0,1,1,1,0,0,0,2,0,89.3,0.56,2,1,74.3,Medium
BID01182,MSME,0,1,1,1,100.0,1,1,0,1,1,1,1,75.6,20,0,0,0,0,1,0,0,0,1,0,88.5,0.99,12,0,87.6,Low
BID01183,Large Enterprise,0,1,1,1,100.0,1,1,0,1,1,0,1,72.5,30,0,0,0,0,0,1,0,0,0,0,82.5,1.05,2,0,87.4,Low
BID01184,OEM,1,0,1,1,83.8,1,1,0,0,1,0,1,82.9,50,0,0,0,0,1,0,0,0,2,0,100.0,0.84,5,0,85.9,Medium
BID01185,MSME,1,0,1,1,69.9,1,0,0,0,1,0,1,52.7,30,0,0,0,0,0,1,0,0,3,0,85.3,0.81,21,0,80.1,Medium
BID01186,OEM,1,0,1,0,53.7,1,1,0,1,0,0,1,8.3,50,0,0,0,0,0,1,0,0,0,0,61.5,0.7,14,1,63.6,High
BID01187,Large Enterprise,1,0,1,1,62.9,1,1,0,1,1,0,1,53.2,50,0,0,0,0,0,1,0,0,1,1,61.8,1.12,3,0,81.8,Medium
BID01188,MSME,1,0,1,1,64.4,1,1,0,0,1,1,1,30.2,50,0,0,0,0,1,0,0,0,0,0,89.4,1.15,4,0,83.6,Medium
BID01189,MSME,1,0,1,1,100.0,1,1,0,1,1,1,1,36.7,50,0,0,0,0,0,1,1,0,1,0,73.5,1.61,2,1,58.8,High
BID01190,Large Enterprise,1,0,1,0,86.7,1,1,0,0,1,1,1,23.9,30,0,0,0,0,0,1,0,0,2,0,86.2,0.96,18,2,73.3,Medium
BID01191,MSME,1,1,1,1,90.8,1,1,0,0,1,1,0,43.1,50,0,0,0,0,1,1,0,0,0,0,94.1,1.04,24,0,88.6,Low
BID01192,Large Enterprise,1,0,0,0,51.7,1,0,0,0,1,1,1,40.1,20,0,0,0,0,0,1,0,0,0,0,75.0,0.94,20,0,79.9,Medium
BID01193,MSME,1,0,1,1,67.0,1,1,0,1,1,0,1,0.0,50,0,0,0,0,0,1,0,0,0,0,81.4,1.68,15,0,77.2,Medium
BID01194,Large Enterprise,1,0,1,1,98.3,1,1,0,1,1,1,1,72.5,20,0,0,0,0,1,1,0,0,2,0,81.8,1.15,16,0,93.6,Low
BID01195,MSME,0,1,1,1,89.3,1,1,0,0,1,0,1,100.0,50,0,0,0,0,0,1,0,0,1,1,74.6,1.0,8,1,71.9,Medium
BID01196,NSIC Registered,1,0,1,1,82.8,1,0,0,1,1,1,1,70.2,50,0,0,0,0,1,1,0,0,1,0,67.9,1.53,21,0,77.8,Medium
BID01197,OEM,1,0,1,1,93.5,1,1,0,1,1,0,1,49.9,30,0,0,0,0,0,1,0,0,0,0,71.9,0.99,8,0,99.7,Low
BID01198,OEM,1,0,1,1,100.0,1,1,0,1,0,0,1,53.6,50,1,1,0,0,0,1,0,0,2,0,67.1,1.89,13,1,73.8,Medium
BID01199,Large Enterprise,1,0,1,1,81.7,1,1,0,1,1,1,1,44.5,50,0,0,0,0,1,1,0,0,0,0,82.9,1.42,22,0,88.9,Low
BID01200,MSME,1,0,1,1,86.0,1,1,0,0,1,1,1,57.3,30,0,0,0,0,1,1,0,0,0,0,82.7,0.99,10,0,98.2,Low
